"author","date","doi","journaltitle","month","pages","title","volume","year"
"T. Regliński and N. Rodenburg and J. T. Taylor and G. L. Northcott and A. Ah Chee and T. M. Spiers and R. A. Hill","2011-02","10.1111/j.1439-0329.2010.00710.x","Forest Pathology","feb","75--78","\textit{Trichoderma atroviride} promotes growth and enhances systemic resistance to \textit{Diplodia} pinea in radiata pine (\textit{Pinus radiata}) seedlings","42","2011"
"A. Menkis and D. Burokie \.{e}","2011-02","10.1111/j.1439-0329.2011.00712.x","Forest Pathology","feb","79--83","Distribution and genetic diversity of the root-rot pathogen \textit{Neonectria macrodidyma} in a forest nursery","42","2011"
"Xiangling FANG and Dennis PHILLIPS and Gerry VERHEYEN and Hua LI and Krishnapillai SIVASITHAMPARAM and Martin BARBETTI","2012","NA","Phytopathologia Mediterranea","NA","NA","Yields and resistance of strawberry cultivars to crown and root diseases in the field, and cultivar responses to pathogens under controlled environment conditions","51","NA"
"Ran DRORI and Amir SHARON and Doron GOLDBERG and Onn RABINOVITZ and Maggie LEVY and Ofir DEGANI","2012","NA","Phytopathologia Mediterranea","NA","NA","Molecular diagnosis for \textit{Harpophora maydis}, the cause of maize late wilt in {Israel}","52","NA"
"Carlotta BALCONI and Nicola BERARDO and Sabrina LOCATELLI and Chiara LANZANOVA and Alessio TORRI and Rita REDAELLI","2014","NA","Phytopathologia Mediterranea","NA","NA","Evaluation of ear rot (\textit{Fusarium verticillioides}) resistance and fumonisin accumulation in Italian maize inbred lines","53","NA"
"Antonia CARLUCCI and Francesca CIBELLI and Francesco LOPS and Alan PHILLIPS and Claudio CICCARONE and Maria RAIMONDO","2015","NA","Phytopathologia Mediterranea","NA","NA","\textit{Pleurostomophora richardsiae} associated with trunk diseases of grapevines in southern Italy","54","NA"
"Benedetto LINALDEDDU and Bruno SCANU and Salvatore SEDDAIU and Antonio DEIDDA and Lucia MADDAU and Antonio FRANCESCHINI","2015","NA","Phytopathologia Mediterranea","NA","NA","A new disease of {Erica} arborea in Italy caused by Neofusicoccum luteum","54","NA"
"Didem CANIK OREL and Alper KARAGOZ and Rıza DURMAZ and Filiz ERTUNC","2016","NA","Phytopathologia Mediterranea","NA","NA","Phenotypic and molecular characterization of \textit{Rhizobium vitis} strains from vineyards in Turkey","55","NA"
"Yassine MABROUK and Sonia MEJRI and Imen HEMISSI and Omrane BELHADJ","2016","NA","Phytopathologia Mediterranea","NA","NA","Biochemical analysis of induced resistance in chickpea against broomrape (\textit{Orobanche foetida}) by rhizobia inoculation","55","NA"
"W. W. Turechek","2012","10.1094/php-2012-1126-01-rs","Plant Health Progress","NA","NA","Spatial Distribution of Crown Gall in a Commercial Nursery of Weeping Fig","NA","2012"
"Ann E. MacGuidwin and Breann E. Bender","2010","10.1094/php-2012-1120-01-rs","Plant Health Progress","NA","NA","Estimating Population Densities of Root Lesion Nematodes, \textit{Pratylenchus} spp., from Soil Samples Using Dual Active and Passive Assays","NA","2010"
"M. Powell and J. Cowan and C. Miles and D. A. Inglis","2013","10.1094/php-2013-0922-01-rs","Plant Health Progress","NA","NA","Effect of a High-Tunnel, Organic Cropping System on Lettuce Diseases in Western Washington","NA","2013"
"Morris R. Bonde and Cristi L. Palmer and Douglas G. Luster and Susan E. Nester and Jason M. Revell and Dana K. Berner","2013","10.1094/php-2013-0823-01-rs","Plant Health Progress","NA","NA","Sporulation Capacity and Longevity of \textit{Puccinia horiana} Teliospores in Infected Chrysanthemum Leaves","NA","2013"
"Leonor F. S. Leandro and Alison E. Robertson and Daren S. Mueller and Xiao-Bing Yang","2013","10.1094/php-2013-0529-01-rs","Plant Health Progress","NA","NA","Climatic and Environmental Trends Observed During Epidemic and Non-epidemic Years of Soybean Sudden Death Syndrome in Iowa","NA","2013"
"Periasamy Chitrampalam and Jr. {Berlin D. Nelson}","2014","10.1094/php-rs-14-0014","Plant Health Progress","NA","NA","Effect of \textit{Fusarium tricinctum} on Growth of Soybean and a Molecular-based Method of Identification","NA","2014"
"Wenwen Liu and Xiaojuan Zhao and Peng Zhang and Thi Mar and Yan Liu and Zongying Zhang and Chenggui Han and Xifeng Wang","2013","10.1186/1743-422x-10-173","Virology Journal","NA","173","A one step real-time {RT}-{PCR} assay for the quantitation of Wheat yellow mosaic virus ({WYMV})","10","2013"
"Daniel Mendes Ardisson-Araújo and Juliana Rocha and Márcio Hedil {da Costa} and Anamélia Bocca and André Dusi and Renato {de Oliveira Resende} and Bergmann Ribeiro","2013","10.1186/1743-422x-10-262","Virology Journal","NA","262","A baculovirus-mediated strategy for full-length plant virus coat protein expression and purification","10","2013"
"Sudarsana Poojari and Olufemi J Alabi and Rayapati A Naidu","2013","10.1186/1743-422x-10-324","Virology Journal","NA","324","Molecular characterization and impacts of a strain of Grapevine leafroll-associated virus 2 causing asymptomatic infection in a wine grape cultivar","10","2013"
"Allan Olspert and Kristjan Kamsol and Cecilia Sarmiento and Jelena Gerassimenko and Erkki Truve","2014","10.1186/1743-422x-11-19","Virology Journal","NA","19","Cocksfoot mottle virus coat protein is dispensable for the systemic infection","11","2014"
"Hongxing Xu and Xiaochan He and Xusong Zheng and Yajun Yang and Junce Tian and Zhongxian Lu","2014","10.1186/1743-422x-11-55","Virology Journal","NA","55","Southern rice black-streaked dwarf virus ({SRBSDV}) directly affects the feeding and reproduction behavior of its vector, \textit{Sogatella furcifera} (Horv{\'{a}}th) (Hemiptera: Delphacidae)","11","2014"
"Liang Yang and Zhenguo Du and Feng Gao and Kangcheng Wu and Lianhui Xie and Yi Li and Zujian Wu and Jianguo Wu","2014","10.1186/1743-422x-11-81","Virology Journal","NA","81","Transcriptome profiling confirmed correlations between symptoms and transcriptional changes in {RDV} infected rice and revealed nucleolus as a possible target of {RDV} manipulation","11","2014"
"Mohammed A Al-Saleh and Ibrahim M Al-Shahwan and Judith K Brown and Ali M Idris","2014","10.1186/1743-422x-11-103","Virology Journal","NA","103","Molecular characterization of a naturally occurring intraspecific recombinant begomovirus with close relatives widespread in southern {Arabia}","11","2014"
"Moshe Lapidot and Dana Gelbart and Amit Gal-On and Noa Sela and Ghandi Anfoka and Fatima Haj Ahmed and Yusuf Abou-Jawada and Hana Sobh and Hamed Mazyad and Aboul-Ata E Aboul-Ata and Ahmed Kamal El-Attar and Mohammed S Ali-Shtayeh and Rana M Jamous and Jane E Polston and Siobain Duffy","2014","10.1186/1743-422x-11-181","Virology Journal","NA","181","Frequent migration of introduced cucurbit-infecting begomoviruses among {Middle Eastern} countries","11","2014"
"Tadeo Kaweesi and Robert Kawuki and Vincent Kyaligonza and Yona Baguma and Geoffrey Tusiime and Morag E Ferguson","2014-12","10.1186/s12985-014-0216-x","Virology Journal","dec","NA","Field evaluation of selected cassava genotypes for cassava brown streak disease based on symptom expression and virus load","11","2014"
"Chun-Yi Lin and Meng-Ling Wu and Tang-Long Shen and Hsin-Hung Yeh and Ting-Hsuan Hung","2015","10.1186/s12985-015-0247-y","Virology Journal","NA","11","Multiplex detection, distribution, and genetic diversity of Hop stunt viroid and Citrus exocortis viroid infecting citrus in {Taiwan}","12","2015"
"Deya Wang and Chengming Yu and Guolu Wang and Kerong Shi and Fan Li and Xuefeng Yuan","2015-07","10.1186/s12985-015-0340-2","Virology Journal","jul","NA","Phylogenetic and recombination analysis of {Tobacco} bushy top virus in {China}","12","2015"
"Juan Jaramillo-Pineda and Martha Guerrero-Olazarán and José Antonio Fuentes-Garibay and José Mar\'ia Viader- and José Lorenzo Meza-Garc\'{i}a and Lilia Hortencia Morales-Ramos","2015","NA","Rev. Mex. Fitopalog{\'{i}}a","NA","1--11","{la secuenciaci{\'{o}}n de regiones espaciadoras transcritas internas de ADN ribosomal de estadios juveniles Identification of \textit{Meloidogyne} species by sequencing of internal transcribed spacer regions of ribosomal {DNA} of juvenile stages}","33","NA"
"Rubicela Ruiz-Ram\'{i}rez and Javier Hernández-Morales and Victoria Ayala-Escobar and Lauro Soto-Rojas and Santos Gerardo Leyva-Mir and Javier Hernández-Ruiz","2015","NA","Rev. Mex. Fitopalog{\'{i}}a","NA","12--30","{Hongos Asociados a C{\'{a}}lices de Jamaica (\textit{Hibiscus sabdariffa} L .) Deshidratados y Almacenados en Guerrero , M{\'{e}}xico Fungi Associated to Calyxes of Roselle (\textit{Hibiscus sabdariffa} L .) Dried and Stored in Guerrero , M{\'{e}}xico}","33","NA"
"Nanci {Lozano Alejo} and Remigio A. Guzmán-Plazola and Emma Zavaleta Mej\'{i}a and V\'ictor Heber Aguilar Rincón and Victoria Ayala Escobar","2015","NA","Rev. Mex. Fitopalog{\'{i}}a","NA","31--53","{Etiolog{\'{i}}a y evaluaci{\'{o}}n de alternativas de control de la marchitez del chile de {\'{a}}rbol (\textit{Capsicum annuum} L .) en La Vega de Metzitl{\'{a}}n , Hidalgo , M{\'{e}}xico for wilt in chile de arbol (\\textit{Capsicum annuum} L .)}","33","NA"
"Isaura Cáceres and Rueda {de León} and Rafael Colorado Vargas and Erika {Salas Muñoz} and Laila N {Muñoz Castellanos} and León Hernández Ochoa","2014","NA","Rev. Mex. Fitopatol.","NA","105--112","{Actividad Antif{\'{u}}ngica in vitro de Extractos Acuosos de Especias contra \textit{Fusarium oxysporum}, \textitAlternaria alternat}, \textit{Geotrichum}","31","NA"
"Andrés Quezada-Salinas and Carlos {De León-Garcia de Alba} and Ana Mar\'ia Hernández-Anguiano and Cristian {Nava D\'iaz}","2013","NA","Rev. Mex. Fitopatol.","NA","80--90","{Evaluaci{\'{o}}n de M{\'{e}}todos de Inoculaci{\'{o}}n de Semillas de Ma{\'{i}}z con \textit{Sporisorium reilianum} f. sp. \textit{zeae} (K{\^{u}}hn) Langdon {\&}Fullerton}","31","NA"
"Fransisco Franco Navarro and Ignacio {Cid del Prado Vera} and Mar\'ia {de la Luz Romero Tejeda}","2012","NA","Rev. Mex. Fitopatol.","NA","101--114","{Aislamiento y Potencial Paras{\'{i}}tico de un Aislamiento Nativo de \textit{Pochonia chlamydosporia} en Contra de \textit{Nacobbus aberran}s en Frijol Isolation and Parasitic Potential of \textit{Pochonia chlamydosporia} Against \textit{Nacobbus aberrans} on Bean}","30","NA"
"Gerardo {Rodr\'iguez Alvarado} and Isai {Betancourt Resendes} and Rodrigo {Rodr\'iguez Fernández} and Joaqu\'in José {Velázquez Monreal} and Sylvia Patricia {Fernández Pav\'ia} and Nuria {Gómez Dorantes}","2012","NA","Rev. Mex. Fitopatol.","NA","128--140","{Caracterizaci{\'{o}}n de Grupos de Compatibilidad Vegetativa de \textit{Fusarium mexicanum} Causante de la Malformaci{\'{o}}n del Mango en Jalisco , M{\'{e}}xico Vegetative Compatibility Groups Characterization of \textit{Fusarium mexicanum} Causing Mango Malformation in Jalisco , Mexico}","30","NA"
"Isa\'i {Betancourt Resendes} and José Joaqu\'in {Velázquez Monreal} and Juan Carlos {Montero Castro} and Sylvia Patricia {Fernández Pav\'ia} and Héctor {Lozoya Saldaña} and Gerardo {Rodr\'iguez Alvarado}","2012","NA","Rev. Mex. Fitopatol.","NA","115--127","\textit{{Fusarium mexicanum} Agente Causal de la Malformaci{\'{o}}n del Mango en Jalisco , M{\'{e}}xico}","30","NA"
"V\'\ictor M. Rodr\'\iguez and Rogelio Santiago and Rosa Ana Malvar and Ana Butrón","2011/09/14","10.1094/mpmi-06-11-0154","Molecular Plant-Microbe Interactions","jan","61--68","Inducible Maize Defense Mechanisms Against the Corn Borer \textit{Sesamia nonagrioide}s: A Transcriptome and Biochemical Approach","25","2012"
"Daniel Gonzalez-Ibeas and Joaquin Cañizares and Miguel A. Aranda","2011/10/04","10.1094/mpmi-07-11-0193","Molecular Plant-Microbe Interactions","jan","107--118","Microarray Analysis Shows That Recessive Resistance to Watermelon mosaic virus in Melon Is Associated with the Induction of Defense Response Genes","25","2012"
"Tom R. Maier and Tarek Hewezi and Jiqing Peng and Thomas J. Baum","2012/08/09","10.1094/mpmi-05-12-0121-fi","Molecular Plant-Microbe Interactions","jan","31--35","Isolation of Whole Esophageal Gland Cells from Plant-Parasitic Nematodes for Transcriptome Analyses and Effector Identification","26","2013"
"Jin-Ho Baek and Jin-Ah Park and Jung-Mi Kim and Jung-Mi Oh and Seung-Moon Park and Dae-Hyuk Kim","2013/09/11","10.1094/mpmi-08-13-0225-r","Molecular Plant-Microbe Interactions","jan","56--65","Functional Analysis of a Tannic-Acid-Inducible and Hypoviral-Regulated Small Heat-Shock Protein {Hsp24} from the Chestnut Blight Fungus \textit{Cryphonectria parasitica}","27","2014"
"Mar\'\ia Calvo and Tadeusz Malinowski and Juan Antonio Garc\'\ia","2013/11/07","10.1094/mpmi-08-13-0242-r","Molecular Plant-Microbe Interactions","feb","136--149","Single Amino Acid Changes in the 6K1-{CI} Region Can Promote the Alternative Adaptation of \textit{Prunus} and \textit{Nicotiana} Propagated {Plum pox virus C} Isolates to Either Host","27","2014"
"Xiaoyan Gong and Oscar Hurtado and Baohua Wang and Congqing Wu and Mihwa Yi and Martha Giraldo and Barbara Valent and Michael Goodin and Mark Farman","2014/11/12","10.1094/mpmi-05-14-0144-ta","Molecular Plant-Microbe Interactions","feb","107--121","{pFPL} Vectors for High-Throughput Protein Localization in Fungi: Detecting Cytoplasmic Accumulation of Putative Effector Proteins","28","2015"
"Qing Liu and Jianyuan Yang and Shaohong Zhang and Junliang Zhao and Aiqing Feng and Tifeng Yang and Xiaofei Wang and Xinxue Mao and Jingfang Dong and Xiaoyuan Zhu and Hei Leung and Jan E. Leach and Bin Liu","2015/10/14","10.1094/mpmi-03-15-0047-r","Molecular Plant-Microbe Interactions","jan","46--56","{OsGF}14bPositively Regulates Panicle Blast Resistance but Negatively Regulates Leaf Blast Resistance in Rice","29","2016"
"Guixia Hao and Marco Pitino and Yongping Duan and Ed Stover","2015/11/11","10.1094/mpmi-09-15-0211-r","Molecular Plant-Microbe Interactions","feb","132--142","Reduced Susceptibility to {Xanthomonas} citriin Transgenic Citrus Expressing the {FLS}2 Receptor from \textit{Nicotiana benthamiana}","29","2016"
"Anmin Wan and Xianming Chen","2011/08/24","10.1094/pdis-02-11-0119","Plant Disease","jan","67--74","Virulence, Frequency, and Distribution of Races of \textit{Puccinia striiformis""} f. sp. \textit{tritici} and \textit{P. striiformis} f. sp. \textit{hordei} identified in the {United States} in 2008 and 2009","96","2012"
"Suraj Gurung and Baidya N. Mahto and Sanjaya Gyawali and Tika B. Adhikari","2012/08/02","10.1094/pdis-01-12-0092-re","Plant Disease","jan","62--73","Phenotypic and molecular diversity of \textit{Cochliobolus sativus} populations from wheat","97","2013"
"M. D. Meyer and M. K. Hausbeck","2012/08/22","10.1094/pdis-12-11-1071-re","Plant Disease","jan","107--112","Using Soil-Applied Fungicides to Manage Phytophthora Crown and Root Rot on Summer Squash","97","2013"
"Margaret Atim and Fen Beed and Geoffrey Tusiime and Leena Tripathi and Piet {van Asten}","2012/08/30","10.1094/pdis-07-12-0646-re","Plant Disease","jan","123--130","High Potassium, Calcium, and Nitrogen Application Reduce Susceptibility to Banana Xanthomonas Wilt Caused by \textit{Xanthomonas campestris} pv. \textit{musacearum}","97","2013"
"A. O. Adesemoye and J. S. Mayorquin and D. H. Wang and M. Twizeyimana and S. C. Lynch and A. Eskalen","2013/07/16","10.1094/pdis-05-13-0492-re","Plant Disease","jan","55--61","Identification of Species of \textit{Botryosphaeriaceae} Causing Bot Gummosis in Citrus in California","98","2014"
"Byron Vega and Megan M. Dewdney","2013/07/16","10.1094/pdis-04-13-0449-re","Plant Disease","jan","67--76","Distribution of {QoI} Resistance in Populations of Tangerine-Infecting \textit{Alternaria alternata} in Florida","98","2014"
"Johannes Petrus Louw and Lise Korsten","2014/07/15","10.1094/pdis-02-14-0122-re","Plant Disease","jan","21--30","Pathogenicity and Host Susceptibility of \textit{Penicillium} spp. on Citrus","99","2015"
"J. H. Yang and P. M. Brannen and G. Schnabel","2014/06/25","10.1094/pdis-04-14-0387-re","Plant Disease","jan","65--70","Resistance in \textit{Alternaria alternata} to {SDHI} Fungicides Causes Rare Disease Outbreak in Peach Orchards","99","2015"
"Thomas C. Harrington and Qiong Huang and Maria A. Ferreira and Acelino C. Alfenas","2014/07/02","10.1094/pdis-01-14-0056-re","Plant Disease","jan","106--111","Genetic Analyses Trace the {Yunnan, China} Population of \textit{Ceratocystis fimbriataon} Pomegranate and Taro to Populations on \textit{Eucalyptus} in Brazil","99","2015"
"Belachew Asalf and David M. Gadoury and Anne Marte Tronsmo and Robert C. Seem and Arne Stensvand","2015/06/30","10.1094/pdis-02-15-0193-re","Plant Disease","jan","72--78","Effects of Development of Ontogenic Resistance in Strawberry Leaves Upon Pre- and Postgermination Growth and Sporulation of \textit{Podosphaera aphanis}","100","2016"
"Gangming Zhan and Fuping Wang and Cuiping Wan and Qingmei Han and Lili Huang and Zhensheng Kang and Xianming Chen","2015/04/20","10.1094/pdis-11-14-1142-re","Plant Disease","jan","99--107","Virulence and Molecular Diversity of the \textit{Puccinia striiformis} f. sp. \textit{tritici} Population in {Xinjiang} in Relation to Other Regions of Western {China}","100","2016"
"A. B. Kriss and P. A. Paul and L. V. Madden","2011/09/07","10.1094/phyto-04-11-0125","Phytopathology","jan","55--64","Variability in Fusarium Head Blight Epidemics in Relation to Global Climate Fluctuations as Represented by the El Ni{\~n}o-Southern Oscillation and Other Atmospheric Patterns","102","2012"
"David M. Gadoury and Laura M. Wakefield and Lance Cadle-Davidson and Ian B. Dry and Robert C. Seem","2011/08/17","10.1094/phyto-03-11-0085","Phytopathology","jan","65--72","Effects of Prior Vegetative Growth, Inoculum Density, Light, and Mating on Conidiation of \textit{Erysiphe necator}","102","2012"
"David W. Ramming and Franka Gabler and Joseph L. Smilanick and Dennis A. Margosan and Molly Cadle-Davidson and Paola Barba and Siraprapa Mahanil and Omer Frenkel and Michael G. Milgroom and Lance Cadle-Davidson","2011/12/13","10.1094/phyto-03-11-0062","Phytopathology","jan","83--93","Identification of Race-Specific Resistance in North American \textit{Vitis} spp. Limiting \textit{Erysiphe necator} Hyphal Growth","102","2012"
"Nilwala S. Abeysekara and Justin D. Faris and Shiaoman Chao and Phillip E. McClean and Timothy L. Friesen","2011/08/24","10.1094/phyto-02-11-0040","Phytopathology","jan","94--104","Whole-Genome {QTL} Analysis of \textit{Stagonospora nodorum} Blotch Resistance and Validation of the {SnTox}4{\textendash}Snn4 Interaction in Hexaploid Wheat","102","2012"
"Jennifer K. Parker and Sarah R. Wisotsky and Evan G. Johnson and Faraj M. Hijaz and Nabil Killiny and Mark E. Hilf and Leonardo De La Fuente","2013/07/24","10.1094/phyto-05-13-0119-r","Phytopathology","jan","15--26","Viability of \textit{Candidatus liberibacter asiaticus} Prolonged by Addition of Citrus Juice to Culture Medium","104","2014"
"L. F. Osorio and J. A. Pattison and N. A. Peres and V. M. Whitaker","2013/08/27","10.1094/phyto-02-13-0032-r","Phytopathology","jan","67--74","Genetic Variation and Gains in Resistance of Strawberry to \textit{Colletotrichum gloeosporioides}","104","2014"
"G. Hughes and N. McRoberts and F. J. Burnett","2014/07/01","10.1094/phyto-02-14-0044-r","Phytopathology","jan","9--17","Information Graphs for Binary Predictors","105","2015"
"Maria Bianney Bermúdez-Cardona and João Américo Wordell Filho and Fabr\'\icio Ávila Rodrigues","2014/07/11","10.1094/phyto-04-14-0096-r","Phytopathology","jan","26--34","Leaf Gas Exchange and Chlorophyll a Fluorescence in Maize Leaves Infected with \textit{Stenocarpella macrospora}","105","2015"
"W. F. Pfender and L. B. Coop and S. G. Seguin and M. E. Mellbye and G. A. Gingrich and T. B. Silberstein","2014/08/06","10.1094/phyto-06-14-0156-r","Phytopathology","jan","35--44","Evaluation of the Ryegrass Stem Rust Model STEMRUST{\_}G and Its Implementation as a Decision Aid","105","2015"
"Kennedy Boateng and Kathy J. Lewis","2014/07/11","10.1094/phyto-06-13-0175-r","Phytopathology","jan","69--79","Spore Dispersal by \textit{Dothistroma septosporum} in Northwest British Columbia","105","2015"
"Ying Yu and Li Jiao and Shufang Fu and Ling Yin and Yali Zhang and Jiang Lu","2015/10/16","10.1094/phyto-07-15-0166-r","Phytopathology","jan","56--64","Callose Synthase Family Genes Involved in the Grapevine Defense Response to Downy Mildew Disease","106","2016"
"Sebastian Liebe and Mark Varrelmann","2015/10/16","10.1094/phyto-07-15-0172-r","Phytopathology","jan","65--75","Effect of Environment and Sugar Beet Genotype on Root Rot Development and Pathogen Profile During Storage","106","2016"
"Sebastian Liebe and Daniela S. Christ and Ralf Ehricht and Mark Varrelmann","2015/11/02","10.1094/phyto-07-15-0171-r","Phytopathology","jan","76--86","Development of a {DNA} Microarray-Based Assay for the Detection of Sugar Beet Root Rot Pathogens","106","2015"
"Yukari Ido and Kenji S. Nakahara and Ichiro Uyeda","2012-01","10.1007/s10327-012-0360-3","Journal of General Plant Pathology","jan","127--132","White clover mosaic virus-induced gene silencing in pea","78","2012"
"Nobuya Tashiro and Kayo Manabe and Youichi Ide","2012-02","10.1007/s10327-012-0363-0","Journal of General Plant Pathology","feb","140--144","First report of whisker mold, a postharvest disease on citrus caused by \textit{Penicillium ulaiense} (in {Japan})","78","2012"
"Lani E. Yakabe and M. Malendia Maccree and Padma Sudarshana and Ali E. McClean and Shane R. Parker and William P. Wechter and Gernot Presting and Mizuri Marutani-Hert and Daniel A. Kluepfel","2012-02","10.1007/s10327-012-0364-z","Journal of General Plant Pathology","feb","121--126","Novel {PCR} primers for detection of genetically diverse virulent \textit{Agrobacterium tumefaciens} biovar 1 strains","78","2012"
"Jun Yamamoto and Kazuaki Tanaka and Nobuaki Ohtaka and Toyozo Sato","2012-02","10.1007/s10327-012-0367-9","Journal of General Plant Pathology","feb","99--105","Black leaf spot of {Japanese persimmon (Diospyros kaki)}, a new disease caused by {Adisciso} kaki sp. nov.","78","2012"
"Kazuhiro Toyoda and Satoko Ikeda and Jun-ichi Morikawa and Masaya Hirose and Aya Maeda and Tomoko Suzuki and Yoshishige Inagaki and Yuki Ichinose and Tomonori Shiraishi","2012-09","10.1007/s10327-012-0405-7","Journal of General Plant Pathology","sep","1--11","The \textit{Medicago truncatula{\textendash}Mycosphaerella pinodes} interaction: a new pathosystem for dissecting fungal-suppressor-mediated disease susceptibility in plants","79","2012"
"Akira Kawaguchi and Koji Tanina and Koji Inoue","2012-10","10.1007/s10327-012-0416-4","Journal of General Plant Pathology","oct","46--50","Spatiotemporal distribution of tomato plants naturally infected with bacterial canker in greenhouses","79","2012"
"Hong-yan Zhang and Dong-yang He and Teerapong Kasetsomboon and Heng Zhou and Ping Li and Xiang-long Li and Chatchawan Jantasuriyarat and Bo Zhou","2013-02","10.1007/s10327-013-0428-8","Journal of General Plant Pathology","feb","96--104","Analysis of selected singleton transposable elements ({SSTEs}) and their application for the development of land {PATE} markers in \textit{Magnaporthe oryzae}","79","2013"
"Toru Kondo and Mamoru Satou and Toshiyuki Morikawa and Yoshiaki Chikuo","2013-09","10.1007/s10327-013-0480-4","Journal of General Plant Pathology","sep","99--102","Brown root rot of {Russell} prairie gentian caused by \textit{Subplenodomus drobnjacensis}","80","2013"
"Rie Gappa-Adachi and Yasuaki Morita and Yoshifumi Shimomoto and Shigeharu Takeuchi","2013-10","10.1007/s10327-013-0491-1","Journal of General Plant Pathology","oct","103--107","Bacterial leaf blight of sweet pepper (\textit{Capsicum annuum}) caused by \textit{Pseudomonas cichorii} in {Japan}","80","2013"
"Louis K. Prom and Ramasamy Perumal and Noe Montes-Garcia and Thomas Isakeit and Gary N. Odvody and William L. Rooney and Christopher R. Little and Clint Magill","2014-09","10.1007/s10327-014-0557-8","Journal of General Plant Pathology","sep","24--31","Evaluation of {Gambian and Malian} sorghum germplasm against downy mildew pathogen, \textit{Peronosclerospora sorghi}, in Mexico and the USA","81","2014"
"Ryo Shukunami and Yutaka Iwamoto and Shinji Sugiura and Kentaro Ikeda and Hitohsi Nakayashiki and Kenichi Ikeda","2015-11","10.1007/s10327-015-0633-8","Journal of General Plant Pathology","nov","51--56","Field method to monitor the mycoparasitic fungus \textit{Coniothyrium minitans}","82","2015"
"Kazumi Takao and Yasunori Akagi and Takashi Tsuge and Yoshiaki Harimoto and Mikihiro Yamamoto and Motoichiro Kodama","2016-03","10.1007/s10327-016-0656-9","Journal of General Plant Pathology","NA","121--131","The global regulator {LaeA} controls biosynthesis of host-specific toxins, pathogenicity and development of \textit{Alternaria alternata} pathotypes","82","NA"
"Polona Strajnar and Saša {Širca} and Gregor Urek and Helena {Šircelj} and Peter Železnik and Dominik Vodnik","2011-07","10.1007/s10658-011-9847-6","European Journal of Plant Pathology","jul","49--57","Effect of \textit{Meloidogyne ethiopica} parasitism on water management and physiological stress in tomato","132","2011"
"Mengji Cao and Sagheer Atta and Huanan Su and Xuefeng Wang and Qiong Wu and Zhongan Li and Changyong Zhou","2012-11","10.1007/s10658-012-0034-1","European Journal of Plant Pathology","nov","11--21","Molecular characterization and phylogenetic analysis of Citrus viroid V isolates from {Pakistan}","135","2012"
"Shunwen Lu and Michael C. Edwards and Timothy L. Friesen","2012-08","10.1007/s10658-012-0064-8","European Journal of Plant Pathology","aug","49--65","Genetic variation of single nucleotide polymorphisms identified at the mating type locus correlates with form-specific disease phenotype in the barley net blotch fungus \textit{Pyrenophora teres}","135","2012"
"Claudia Torres-Calzada and Raul Tapia-Tussell and Inocencio Higuera-Ciapara and Daisy Perez-Brito","2012-08","10.1007/s10658-012-0065-7","European Journal of Plant Pathology","aug","67--79","Morphological, pathological and genetic diversity of \textit{Colletotrichum} species responsible for anthracnose in papaya (\textit{Carica papaya} L)","135","2012"
"Diego A. Sampietro and Carolina M. Fauguel and Marta A. Vattuone and Daniel A. Presello and Cesar A. N. Catalán","2012-08","10.1007/s10658-012-0069-3","European Journal of Plant Pathology","aug","105--113","Phenylpropanoids from maize pericarp: resistance factors to kernel infection and fumonisin accumulation by \textit{Fusarium verticillioides}","135","2012"
"Daniela Moyankova and Aneta Lyubenova and Slavtcho Slavov and Dimitar Djilianov","2013-11","10.1007/s10658-013-0315-3","European Journal of Plant Pathology","nov","149--155","Extracts of the endemic resurrection plant \textit{Haberlea rhodopensis} stimulate in vitro growth of various \textit{Phytophthora} spp. pathogens","138","2013"
"Ioannis A. Papaioannou and Milton A. Typas","2014-09","10.1007/s10658-014-0525-3","European Journal of Plant Pathology","sep","71--82","Barrage formation is independent from heterokaryon incompatibility in \textit{Verticillium dahliae}","141","2014"
"Giovanna Gilardi and Michele Baudino and Angelo Garibaldi and Maria Lodovica Gullino","2011-11","10.1007/s12600-011-0206-0","Phytoparasitica","nov","147--155","Efficacy of biocontrol agents and natural compounds against powdery mildew of zucchini","40","2011"
"Sunil Kumar and Ashvini Kumar Dubey and Ruma Karmakar and Kukkundoor Ramachandra Kini and Mathew Kuriyan Mathew and Harischandra Sripathy Prakash","2012-08","10.1007/s12600-012-0256-y","Phytoparasitica","aug","9--15","Inhibition of virus infection by transient expression of short hairpin {RNA} targeting the methyltransferase domain of {Tobacco mosaic virus replicase}","41","2012"
"Giovanna Gilardi and Stefano Demarchi and Angelo Garibaldi and Maria Lodovica Gullino","2012-09","10.1007/s12600-012-0264-y","Phytoparasitica","sep","59--72","Management of downy mildew of sweet basil (\textit{Ocimum basilicum}) caused by {\textitPeronospora} belbahrii by means of resistance inducers, fungicides, biocontrol agents and natural products","41","2012"
"Rosalba Troncoso-Rojas and Alberto Sánchez-Estrada and Tania Carvallo and Alberto González-León and Javier Ojeda-Contreras and Alfonso Aguilar-Valenzuela and Mart\'\in-Ernesto Tiznado-Hernández","2012-10","10.1007/s12600-012-0271-z","Phytoparasitica","oct","133--142","A fungal elicitor enhances the resistance of tomato fruit to \textit{Fusarium oxysporum} infection by activating the phenylpropanoid metabolic pathway","41","2012"
"Edmundo Sousa and Pedro Naves and Margarida Vieira","2012-10","10.1007/s12600-012-0272-y","Phytoparasitica","oct","143--148","Prevention of pine wilt disease induced by \textit{Bursaphelenchus xylophilus} and \textit{Monochamus galloprovincialis} by trunk injection of emamectin benzoate","41","2012"
"Miray Arli-Sokmen and Mehmet Ali Sevik","2012-11","10.1007/s12600-012-0275-8","Phytoparasitica","nov","159--168","Spread of {Tomato} spotted wilt virus from an internal virus source by thrips species in {Samsun, Turkey}","41","2012"
"Tyler Harp and Paul Kuhn and Pamela D. Roberts and Kenneth L. Pernezny","2013-08","10.1007/s12600-013-0334-9","Phytoparasitica","aug","31--39","Management and cross-infectivity potential of \textit{Colletotrichum acutatum} causing anthracnose on bell pepper in {Florida}","42","2013"
"H. Handan Altinok and Canan Can and H. Filiz Boyaci and Volkan Topcu","2013-08","10.1007/s12600-013-0340-y","Phytoparasitica","aug","75--84","Genetic variability among breeding lines and cultivars of eggplant against \textit{Fusarium oxysporum} f. sp. \textit{melongenae} from {Turkey}","42","2013"
"Anurag Kumar Sahu and Chitra Nehra and R. K. Gaur","2014-06","10.1007/s12600-014-0418-1","Phytoparasitica","jun","81--85","Molecular diversity of monopartite begomovirus coat protein and beta satellite associated with different crop species in {India}","43","2014"
"Charfeddine Gharsallah and Amina Ben Halima and Hatem Fakhfakh and Faten Gorsane","2014-06","10.1007/s12600-014-0423-4","Phytoparasitica","jun","87--96","Insights into the genetic diversity and the phylogenetic analysis of {Tunisian} isolates of {Tomato} chlorosis virus","43","2014"
"Hema Ramdial and Sephra N. Rampersad","2014-07","10.1007/s12600-014-0428-z","Phytoparasitica","jul","37--49","Characterization of \textit{Colletotrichum} spp. causing anthracnose of bell pepper (\textit{Capsicum annuum} L.) in {Trinidad}","43","2014"
"Rafaela Cristina {dos Santos} and Maria Fernanda Gomes Villalba Peñaflor and Patr\'\icia Alessandra Sanches and Cristiane Nardi and José Mauricio Simões Bento","2015-10","10.1007/s12600-015-0493-y","Phytoparasitica","oct","47--54","The effects of \textit{Gibberella zeae}, {Barley Yellow Dwarf Virus}, and co-infection on \textit{Rhopalosiphum pad}i olfactory preference and performance","44","2015"
"Jorge Giovanny Lopez-Reyes and Giovanna Gilardi and Angelo Garibaldi and Maria Lodovica Gullino","2016-01","10.1007/s12600-016-0504-7","Phytoparasitica","jan","35--45","In vivo evaluation of essential oils and biocontrol agents combined with heat treatments on basil cv {Genovese Gigante} seeds against \textit{Fusarium oxysporum} f. sp. \textit{basilici}","44","2016"
"Meenu Bareja and Ritu Mawar and Manish Mathur and Satish Lodha","2012-10","10.1007/s13313-012-0157-z","Australasian Plant Pathology","oct","9--16","On farm waste-based composts in managing \textit{Macrophomina phaseolina} induced dry root rot of guar in an arid environment","42","2012"
"J. Elith and J. Simpson and M. Hirsch and M. A. Burgman","2012-12","10.1007/s13313-012-0178-7","Australasian Plant Pathology","dec","43--51","Taxonomic uncertainty and decision making for biosecurity: spatial models for myrtle/guava rust","42","2012"
"R. Billones-Baaijens and E. E. Jones and H. J. Ridgway and M. V. Jaspers","2013-05","10.1007/s13313-013-0228-9","Australasian Plant Pathology","may","25--31","Susceptiblity of common rootstock and scion varieties of grapevines to \textit{Botryosphaeriaceae} species","43","2013"
"Hong-chun Luo and Guo-kang Chen and Cui-ping Liu and Yun Huang and Chong-gang Xiao","2013-07","10.1007/s13313-013-0240-0","Australasian Plant Pathology","jul","53--60","An improved culture solution technique for \textit{Plasmodiophora brassicae} infection and the dynamic infection in the root hair","43","2013"
"Andrew K. Miles and Yu Pei Tan and Roger G. Shivas and André Drenth","2015-02","10.1007/s40858-015-0005-0","Tropical Plant Pathology","feb","26--34","Novel Pathotypes of \textit{Elsino{\""e} australis} Associated with \textit{Citrus australasica} and \textit{Simmondsia chinensis} in {Australia}","40","2015"
"Andressa C. Z. Machado and Kércya M. S. Siqueira and Luiz Carlos C. B. Ferraz and Mário M. Inomoto and Rosana Bessi and Ricardo Harakava and Cláudio M. G. Oliveira","2015-04","10.1007/s40858-015-0013-0","Tropical Plant Pathology","apr","102--110","Characterization of Brazilian populations of \textit{Pratylenchus brachyurus} using morphological and molecular analyses","40","2015"
"Jin-Xin Gao and Tong Liu and Jie Chen and Ya-Qian Li","2015-04","10.1007/s40858-015-0015-y","Tropical Plant Pathology","apr","119--126","Identification of proteins associated with the production of methyl 5-(hydroxymethyl) furan-2-carboxylate toxin in \textit{Curvularia lunata}","40","2015"
"Natália R. Fonseca and Leonardo S. S. Oliveira and Lúcio M. S. Guimarães and Ramon U. Teixeira and Carlos A. Lopes and Acelino C. Alfenas","2015-10","10.1007/s40858-015-0056-2","Tropical Plant Pathology","oct","42--47","An efficient inoculation method of\textit {Ralstonia solanacearum} to test wilt resistance in \textit{Eucalyptus} spp.","41","2015"
"D.-D. Wang and X.-Y. Cheng and Y.-S. Wang and H.-Y. Pan and B.-Y. Xie","2012-11","10.1111/efp.12011","Forest Pathology","nov","144--152","Characterization and expression of \textit{daf-9} and \textit{daf-12} genes in the pinewood nematode, \textit{Bursaphelenchus xylophilus}","43","2012"
"J. Roux and H. Solheim and G. Kamgan Nkuekam and M. J. Wingfield","2013-10","10.1111/efp.12076","Forest Pathology","oct","124--130","\textit{Sporendocladia bactrospora }associated with wounds on native broadleaved trees in {Norway and Sweden}","44","2013"
"F. Gherghel and B. Fussi and K. Donges and M. Haustein and K. M. Jakob and K. Müller and B. Piškur and T. Hauptman and H. D. Lenz and M. Konnert and G. Kost and K.-H. Rexer","2013-12","10.1111/efp.12078","Forest Pathology","dec","137--144","The development of a species-specific test to detect \textit{Hymenoschyphus pseudoalbidus} in ash tissues","44","2013"
"M. A. Hughes and S. A. Inch and R. C. Ploetz and H. L. Er and A. H. C. {van Bruggen} and J. A. Smith","2014-07","10.1111/efp.12134","Forest Pathology","jul","111--119","Responses of swamp bay, \textit{Persea palustri}s, and avocado, \textit{Persea americana}, to various concentrations of the laurel wilt pathogen, \textit{Raffaelea lauricola}","45","2014"
"T. Jung and L. Orlikowski and B. Henricot and P. Abad-Campos and A. G. Aday and O. Agu\'\in Casal and J. Bakonyi and S. O. Cacciola and T. Cech and D. Chavarriaga and T. Corcobado and A. Cravador and T. Decourcelle and G. Denton and S. Diamandis and H. T. Doğmuş-Lehtijärvi and A. Franceschini and B. Ginetti and S. Green and M. Glavendekić and J. Hantula and G. Hartmann and M. Herrero and D. Ivic and M. Horta Jung and A. Lilja and N. Keca and V. Kramarets and A. Lyubenova and H. Machado and G. Magnano {di San Lio} and P. J. Mansilla Vázquez and B. Marçais and I. Matsiakh and I. Milenkovic and S. Moricca and Z. Á. Nagy and J. Nechwatal and C. Olsson and T. Oszako and A. Pane and E. J. Paplomatas and C. Pintos Varela and S. Prospero and C. Rial Mart\'\inez and D. Rigling and C. Robin and A. Rytkönen and M. E. Sánchez and A. V. Sanz Ros and B. Scanu and A. Schlenzig and J. Schumacher and S. Slavov and A. Solla and E. Sousa and J. Stenlid and V. Tal ø and Z. Tomic and P. Tsopelas and A. Vannini and A. M. Vettraino and M. Wenneker and S. Woodward and A. Peréz-Sierra","2015-10","10.1111/efp.12239","Forest Pathology","oct","134--163","Widespread \textit{Phytophthora infestations} in {European} nurseries put forest, semi-natural and horticultural ecosystems at high risk of \textit{Phytophthora} diseases","46","2015"
"M.-S. Kim and P. A. Hohenlohe and K.-H. Kim and S.-T. Seo and N. B. Klopfenstein","2016-02","10.1111/efp.12263","Forest Pathology","feb","164--167","Genetic diversity and population structure of \textit{Raffaelea quercus-mongolicae}, a fungus associated with oak mortality in {South Korea}","46","2016"
"SHEAU-FANG HWANG and STEPHEN E. STRELKOV and JIE FENG and BRUCE D. GOSSEN and RON J. HOWARD","2011-06","10.1111/j.1364-3703.2011.00729.x","Molecular Plant Pathology","NA","105--113","\textit{Plasmodiophora brassicae}: a review of an emerging pathogen of the Canadian canola (\textit{Brassica napus}) crop","13","2011"
"CBGOWDA RAYAPURAM and MICHAEL K. JENSEN and FABIAN MAISER and JOHANNA VIKGREN SHANIR and HENRIK HORNSHØJ and JESPER H. RUNG and PER L. GREGERSEN and PATRICK SCHWEIZER and DAVID B. COLLINGE and MICHAEL F. LYNGKJAER","2011-08","10.1111/j.1364-3703.2011.00736.x","Molecular Plant Pathology","NA","135--147","Regulation of basal resistance by a powdery mildew-induced cysteine-rich receptor-like protein kinase in barley","13","2011"
"Klara Pretsch and Ariane Kemen and Eric Kemen and Matthias Geiger and Kurt Mendgen and Ralf Voegele","2012-09","10.1111/j.1364-3703.2012.00832.x","Molecular Plant Pathology","NA","96--107","The rust transferred proteins---a new family of effector proteins exhibiting protease inhibitor function","14","2012"
"Yuna Wang and Fengfeng Dang and Zhiqin Liu and Xu Wang and Thomas Eulgem and Yan Lai and Lu Yu and Jianju She and Youliang Shi and Jinhui Lin and Chengcong Chen and Deyi Guan and Ailian Qiu and Shuilin He","2012-10","10.1111/j.1364-3703.2012.00836.x","Molecular Plant Pathology","NA","131--144","{CaWRKY}58, encoding a group {I WRKY} transcription factor of \textit{Capsicum annuum}, negatively regulates resistance to \textit{Ralstonia solanacearum} infection","14","2012"
"J. F. Webber and A. M. Vettraino and T. T. Chang and S.E. Bellgard and C. M. Brasier and A. Vannini","2011-07","10.1111/j.1439-0329.2011.00729.x","Forest Pathology","jul","136--143","Isolation of \textit{Phytophthora lateralis} from \textit{Chamaecyparis} foliage in {Taiwan}","42","2011"
"He-Qin Zhu and Zi-Li Feng and Zhi-Fang Li and Yong-Qiang Shi and Li-Hong Zhao and Jia-Rong Yang","2012-10","10.1111/jph.12027","Journal of Phytopathology","oct","70--77","Characterization of Two Fungal Isolates from Cotton and Evaluation of their Potential for Biocontrol of Verticillium Wilt of Cotton","161","2012"
"Yunior Morán and Osmani Chacón and Maria {del Carmen Córdoba-Sellés} and Rosario Dom\'\inguez-Larrinaga and Lidcay Herrera and Orlando Borrás-Hidalgo","2012-10","10.1111/jph.12029","Journal of Phytopathology","oct","86--91","Identification and Molecular Characterization of \textit{Nocardia} sp. as a New Causal Agent of Tobacco False Broomrape","161","2012"
"Pallem Chowdappa and Nirmal B. J. Kumar and Shivanna Madhura and Mohan S. P. Kumar and Kevin L. Myers and William E. Fry and Julie N. Squires and David E. L. Cooke","2012-10","10.1111/jph.12031","Journal of Phytopathology","oct","49--58","Emergence of 13_A2 Blue Lineage of \textit{Phytophthora infestans} was Responsible for Severe Outbreaks of Late Blight on Tomato in South-West India","161","2012"
"Holly Derksen and Mohamed Badawi and Maria Antonia Henriquez and Zhen Yao and Ahmed Farag El-Bebany and Fouad Daayf","2012-11","10.1111/jph.12038","Journal of Phytopathology","nov","142--153","Differential Expression of Potato Defence Genes Associated with the Salicylic Acid Defence Signalling Pathway in Response to Weakly and Highly Aggressive Isolates of \textit{Verticillium dahliae}","161","2012"
"Yonghong Ge and David I. Guest and Yang Bi","2013-08","10.1111/jph.12158","Journal of Phytopathology","aug","48--54","Differences in the Induction of Defence Responses in Resistant and Susceptible Muskmelon Plants Infected with \textit{Colletotrichum lagenarium}","162","2013"
"Chenchen Lu and Tingting Dai and HaiFeng Zhang and YuanChao Wang and XiaoBo Zheng","2014-04","10.1111/jph.12259","Journal of Phytopathology","apr","63--66","Development of a Loop-Mediated Isothermal Amplification Assay to Detect \textit{Fusarium oxysporum}","163","2014"
"Pedro Mondino and Leticia Casanova and Antonella Celio and Oscar Bentancur and Carolina Leoni and Sandra Alaniz","2014-05","10.1111/jph.12274","Journal of Phytopathology","may","1--10","Sensitivity of \textit{Venturia inaequalis} to {Trifloxystrobin and Difenoconazole in Uruguay}","163","2014"
"Fan Yang and Schuyler S. Korban and P. Lawrence Pusey and Michael Elofsson and George W. Sundin and Youfu Zhao","2013-08","10.1111/mpp.12064","Molecular Plant Pathology","NA","44--57","Small-molecule inhibitors suppress the expression of both type {III} secretion and amylovoran biosynthesis genes in \textit{Erwinia amylovora}","15","2013"
"Suryadevara S. Rao and Mohamed H. El-Habbak and Wendy M. Havens and Ajay Singh and Danman Zheng and Laura Vaughn and James S. Haudenshield and Glen L. Hartman and Schuyler S. Korban and Said A. Ghabrial","2013-10","10.1111/mpp.12075","Molecular Plant Pathology","NA","145--160","Overexpression of {GmCaM4} in soybean enhances resistance to pathogens and tolerance to salt stress","15","2013"
"Claudia Bartoli and Jay Ram Lamichhane and Odile Berge and Caroline Guilbaud and Leonardo Varvaro and Giorgio M. Balestra and Boris A. Vinatzer and Cindy E. Morris","2014-08","10.1111/mpp.12167","Molecular Plant Pathology","NA","137--149","A framework to gauge the epidemic potential of plant pathogens in environmental reservoirs: the example of kiwifruit canker","16","2014"
"M. Mbenoun and M. J. Wingfield and A. D. Begoude Boyogueno and F. Nsouga Amougou and S. Petchayo Tigang and G. M. {ten Hoopen} and C. V. Mfegue and L. Dibog and S. Nyas é and B. D. Wingfield and J. Roux","2015-05","10.1111/ppa.12400","Plant Pathology","may","64--78","Diversity and pathogenicity of the \textit{Ceratocystidaceae} associated with cacao agroforests in {Cameroon}","65","2015"
"Margarida Pestana and Manuela Gouveia and Nereida Cordeiro and Luc\'\ilia Teixeira and Isabel {de O. Abrantes} and Mónica Rodrigues","2014-01","10.1163/15685411-00002743","Nematology","jan","41--51","In vitro evaluation of nematicidal properties of \textit{Solanum sisymbriifolium} and \textit{S. nigrum} extracts on \textit{Pratylenchus goodey}","16","2014"
"Ma. Teodora Nadong Cabasan and Arvind Kumar and Stéphane Bellafiore and Dirk De Waele","2014-01","10.1163/15685411-00002746","Nematology","jan","73--81","Histopathology of the rice root-knot nematode, \textit{Meloidogyne graminicola}, on \textit{Oryza sativa} and \textit{O. glaberrima}","16","2014"
"Fabio Biela and Simone {de Melo Santana-Gomes} and Isabela Hernandes and Andressa Cristina Zamboni Machado and Michelly Ragazzi Cardoso and Claudia Regina Dias-Arieira and Danielle Mattei","2016-01","10.1163/15685411-00002938","Nematology","jan","15--21","Host status and phenotypic diversity of rice genotypes in relation to \textit{Pratylenchus brachyurus} resistance","18","2016"
"Rumakanta Sapkota and Andrea M. Skantar and Mogens Nicolaisen","2016-03","10.1163/15685411-00002950","Nematology","mar","147--154","A {TaqMan} real-time {PCR} assay for detection of \textit{Meloidogyne hapla} in root galls and in soil","18","2016"
"Phap Q. Trinh and Lieven Waeyenberge and Chau N. Nguyen and Maurice Moens","2012-09","10.1163/138855411x578374","Nematology","sep","65--83","Morphological and molecular diversity of \textit{Radopholus} on coffee in {Vietnam} and description of \textit{R. daklakensis} sp. n. from \textit{Robusta} coffee","14","2012"
"Prasanna Holajjer and Anju Kamra and Hari S. Gaur and Dolly Wattal Dhar","2012-07","10.1163/138855411x578879","Nematology","jul","85--92","In vitro nematicidal activity of a terrestrial cyanobacterium, \textit{Synechococcus nidulan}, towards plant-parasitic nematodes","14","2012"
"Ren-E Huang and Weimin Ye and Jun Liang and Quan Lu and Xing-Yao Zhang","2012-09","10.1163/138855411x579418","Nematology","sep","93--108","\textit{Tylaphelenchus jiaae} n. sp. and \textit{Aphelenchoides varicaudatus} (Nematoda: Aphelenchoidinae) from {Simao pine in Yunnan Province, China}","14","2012"
"Lourdes Fernández-Calvino and Irene Guzmán-Benito and Francisco J. {del Toro} and Livia Donaire and Ana B. Castro-Sanz and Virginia Ru\'\iz-Ferrer and César Llave","2015-05","10.1111/mpp.12257","Molecular Plant Pathology","NA","3--15","Activation of senescence-associated Dark-inducible ({DIN}) genes during infection contributes to enhanced susceptibility to plant viruses","17","2015"
"Carl H. Mesarich and Ioannis Stergiopoulos and Henriek G. Beenen and Viviane Cordovez and Yanan Guo and Mansoor Karimi Jashni and Rosie E. Bradshaw and Pierre J. G. M. {de Wit}","2015-05","10.1111/mpp.12265","Molecular Plant Pathology","NA","84--95","A conserved proline residue in {Dothideomycete Avr4} effector proteins is required to trigger a {Cf-4-dependent} hypersensitive response","17","2015"
"Haifeng Zhang and Bing Li and Qin Fang and Ying Li and Xiaobo Zheng and Zhengguang Zhang","2015-05","10.1111/mpp.12267","Molecular Plant Pathology","NA","108--119","{SNARE} protein {FgVam}7 controls growth, asexual and sexual development, and plant infection in \textit{Fusarium graminearum}","17","2015"
"Celia R. A. Duff-Farrier and Thierry Candresse and Andy M. Bailey and Neil Boonham and Gary D. Foster","2015-05","10.1111/mpp.12256","Molecular Plant Pathology","NA","120--126","Evidence for different, host-dependent functioning of {Rx} against both wild-type and recombinant {Pepino mosaic virus}","17","2015"
"Yufeng Fang and Brett M. Tyler","2015-11","10.1111/mpp.12318","Molecular Plant Pathology","NA","127--139","Efficient disruption and replacement of an effector gene in the oomycete \textit{Phytophthora sojae} {using CRISPR/Cas9}","17","2015"
"D. H. Gent and J. L. Farnsworth and D. A. Johnson","2011-06","10.1111/j.1365-3059.2011.02491.x","Plant Pathology","jun","37--47","Spatial analysis and incidence--density relationships for downy mildew on hop","61","2011"
"S. E. Legler and T. Caffi and V. Rossi","2011-07","10.1111/j.1365-3059.2011.02498.x","Plant Pathology","jul","96--105","A nonlinear model for temperature-dependent development of \textit{Erysiphe necator} chasmothecia on grapevine leaves","61","2011"
"L. U. Wingen and M. W. Shaw and J. K. M. Brown","2012-04","10.1111/j.1365-3059.2012.02621.x","Plant Pathology","apr","9--20","Long-distance dispersal and its influence on adaptation to host resistance in a heterogeneous landscape","62","2012"
"J. A. Kolmer and A. Hanzalova and H. Goyeau and R. Bayles and A. Morgounov","2012-05","10.1111/j.1365-3059.2012.02626.x","Plant Pathology","may","21--31","Genetic differentiation of the wheat leaf rust fungus \textit{Puccinia triticina} in {Europe}","62","2012"
"F. Obanor and S. Neate and S. Simpfendorfer and R. Sabburg and P. Wilson and S. Chakraborty","2012-04","10.1111/j.1365-3059.2012.02615.x","Plant Pathology","apr","79--91","\textit{Fusarium graminearum} and \textit{Fusarium pseudograminearum} caused the 2010 head blight epidemics in {Australia}","62","2012"
"M. V. Jaspers and A. M. Seyb and M. C. T. Trought and R. Balasubramaniam","2012-05","10.1111/j.1365-3059.2012.02631.x","Plant Pathology","may","130--138","Overwintering grapevine debris as an important source of \textit{Botrytis cinerea} inoculum","62","2012"
"G. Romay and H. Lecoq and F. Geraud-Pouey and D. T. Chirinos and C. Desbiez","2013-05","10.1111/ppa.12072","Plant Pathology","may","78--87","Current status of cucurbit viruses in {Venezuela} and characterization of Venezuelan isolates of {Zucchini} yellow mosaic virus","63","2013"
"X. Pan and Y. Li and H. Zhang and R. Huang and W. Liu and J. Ming and S. Liu and X. Li","2013-04","10.1111/ppa.12064","Plant Pathology","apr","109--116","Expression of signalling and defence-related genes mediated by over-expression of {JERF1}, and increased resistance to sheath blight in rice","63","2013"
"L. Lebreton and S. Daval and A.-Y. Guillerm-Erckelboudt and C. Gracianne and K. Gazengel and A. Sarniguet","2013-04","10.1111/ppa.12062","Plant Pathology","apr","117--128","Sensitivity to pH and ability to modify ambient pH of the take-all fungus \textit{Gaeumannomyces graminis} var. \textit{tritici}","63","2013"
"V. Troch and K. Audenaert and A. Vanheule and B. Bekaert and M. Höfte and G. Haesaert","2013-06","10.1111/ppa.12085","Plant Pathology","jun","129--139","The importance of non-penetrated papillae formation in the resistance response of triticale to powdery mildew (\textit{Blumeria graminis})","63","2013"
"M. T. Mas and A. M. C. Ver ú","2013-06","10.1111/ppa.12084","Plant Pathology","jun","140--147","Within-population variation in resistance of \textit{Digitaria sanguinalis} to \textit{Ustilago syntherismae} resulting from different modes of seed germination and environment","63","2013"
"K. Schneebeli and U. Mathesius and M. Watt","2014-05","10.1111/ppa.12227","Plant Pathology","may","91--100","\textit{Brachypodium distachyon} is a pathosystem model for the study of the wheat disease rhizoctonia root rot","64","2014"
"C. Almquist and A.-C. Wallenhammar","2014-05","10.1111/ppa.12230","Plant Pathology","may","109--118","Monitoring of plant and airborne inoculum of \textit{Sclerotinia sclerotiorum} in spring oilseed rape using real-time {PCR}","64","2014"
"Lisha Zhang and Jan A. L. {van Kan}","2013-09","10.1111/j.1364-3703.2012.00825.x","Molecular Plant Pathology","NA","19--29","\textit{Botrytis cinerea} mutants deficient in d-galacturonic acid catabolism have a perturbed virulence on \textit{Nicotiana benthamiana} and \textit{Arabidopsis}, but not on tomato","14","2015"
"Brisa Ramos and Pablo González-Melendi and Andrea Sánchez-Vallet and Clara Sánchez-Rodr\'\iguez and Gemma López and Antonio Molina","2012-09","10.1111/j.1364-3703.2012.00826.x","Molecular Plant Pathology","NA","44--57","Functional genomics tools to decipher the pathogenicity mechanisms of the necrotrophic fungus \textit{Plectosphaerella cucumerina} in \textit{Arabidopsis thaliana}","14","2012"
"Xin Liu and Jinhua Jiang and Yanni Yin and Zhonghua Ma","2012-09","10.1111/j.1364-3703.2012.00829.x","Molecular Plant Pathology","NA","71--83","Involvement of {FgERG4} in ergosterol biosynthesis, vegetative differentiation and virulence in \textit{Fusarium graminearum}","14","2012"
"J.A. Mouen Bedimo and C. Cilas and J.L. Nottéghem and D. Bieysse","2012-01","10.1016/j.cropro.2011.09.010","Crop Protection","jan","125--131","Effect of temperatures and rainfall variations on the development of coffee berry disease caused by \textit{Colletotrichum kahawae}","31","2012"
"Balasubramanian Mythili Gnanamangai and Ponnusamy Ponmurugan","2012-02","10.1016/j.cropro.2011.10.001","Crop Protection","feb","111--118","Evaluation of various fungicides and microbial based biocontrol agents against bird's eye spot disease of tea plants","32","2012"
"Eve Veromann and Merje Toome and Astrid Kännaste and Riina Kaasik and Lucian Copolovici and Jaak Flink and Gabriella Kovács and Lea Narits and Anne Luik and Ülo Niinemets","2013-01","10.1016/j.cropro.2012.09.001","Crop Protection","jan","79--88","Effects of nitrogen fertilization on insect pests, their parasitoids, plant diseases and volatile organic compounds in \textit{Brassica napus}","43","2013"
"Junhao Qin and Hongzhi He and Shiming Luo and Huashou Li","2013-01","10.1016/j.cropro.2012.09.009","Crop Protection","jan","89--93","Effects of rice-water chestnut intercropping on rice sheath blight and rice blast diseases","43","2013"
"Béatrice Collange and Mireille Navarrete and Françoise Montfort and Thierry Mateille and Johannes Tavoillot and Bernard Martiny and Marc Tchamitchian","2014-01","10.1016/j.cropro.2013.10.002","Crop Protection","jan","7--15","Alternative cropping systems can have contrasting effects on various soil-borne diseases: Relevance of a systemic analysis in vegetable cropping systems","55","2014"
"Benjamin Mimee and Roxane Andersen and Guy Bélair and Anne Vanasse and Mike Rott","2014-01","10.1016/j.cropro.2013.10.003","Crop Protection","jan","21--27","Impact of quarantine procedures on weed biodiversity and abundance: Implications for the management of the golden potato cyst nematode, \textit{Globodera rostochiensis}","55","2014"
"I.O. Mugisa and J. Karungi and B. Akello and M.K.N. Ochwo-Ssemakula and M. Biruma and D.K. Okello and G. Otim","2016-01","10.1016/j.cropro.2015.10.019","Crop Protection","jan","117--123","Determinants of groundnut rosette virus disease occurrence in {Uganda}","79","2016"
"Nadeem Yaqoob and Igor A. Yakovlev and Paal Krokene and Harald Kvaalen and Halvor Solheim and Carl Gunnar Fossdal","2012-01","10.1016/j.pmpp.2011.11.001","Physiological and Molecular Plant Pathology","jan","10--16","Defence-related gene expression in bark and sapwood of {Norway} spruce in response to \textit{Heterobasidion parviporum} and methyl jasmonate","77","2012"
"Christopher M. Wallis and Jianchi Chen and Edwin L. Civerolo","2012-04","10.1016/j.pmpp.2012.02.001","Physiological and Molecular Plant Pathology","apr","66--72","Zebra chip-diseased potato tubers are characterized by increased levels of host phenolics, amino acids, and defense-related proteins","78","2012"
"Emilie Steimetz and Sophie Trouvelot and Katia Gindro and Adeline Bordier and Beno\^\it Poinssot and Marielle Adrian and Xavier Daire","2012-07","10.1016/j.pmpp.2012.05.004","Physiological and Molecular Plant Pathology","jul","89--96","Influence of leaf age on induced resistance in grapevine against \textit{Plasmopara viticola}","79","2012"
"XiangYu Long and Margaret Balcerzak and Sigrun Gulden and Wenguang Cao and George Fedak and Yu-Ming Wei and You-Liang Zheng and Daryl Somers and Thérèse Ouellet","2015-04","10.1016/j.pmpp.2015.02.002","Physiological and Molecular Plant Pathology","apr","1--11","Expression profiling identifies differentially expressed genes associated with the fusarium head blight resistance {QTL} 2DL from the wheat variety {Wuhan-1}","90","2015"
"Meng Zhang and Hanhan Kang and Guangqiang Zhang and Yanhui Chen and Xiangzhu Kong and Qifang Guo and Wei Wang","2015-04","10.1016/j.pmpp.2015.04.004","Physiological and Molecular Plant Pathology","apr","98--104","Overexpression of {TaUb}2 enhances disease resistance to {Pseudomonas} syringae pv. tomato {DC}3000 in tobacco","90","2015"
"S. Gayatridevi and S.K. Jayalakshmi and V.H. Mulimani and K. Sreeramulu","2014-04","10.1016/j.pmpp.2014.04.003","Physiological and Molecular Plant Pathology","apr","73--80","Constitutive and induced polyphenol oxidases of chickpea infected by \textit{Fusarium oxysporum} f. sp. ciceri: Purification and their physiological significance","86","2014"
"Ying-Juan Chen and Xing-Guang Deng and Xing-Ji Peng and Tong Zhu and De-Hui Xi and Hong-Hui Lin","2014-10","10.1016/j.pmpp.2014.10.002","Physiological and Molecular Plant Pathology","oct","94--100","Turnip crinkle virus with nonviral gene cancels the effect of silencing suppressors of P19 and 2b in \textit{Arabidopsis thaliana}","88","2014"
"Chinmay Biswas and Piyali Dey and P.G. Karmakar and Subrata Satpathy","2014-07","10.1016/j.pmpp.2014.07.003","Physiological and Molecular Plant Pathology","jul","76--85","Next-generation sequencing and micro {RNAs} analysis reveal {SA}/{MeJA}1/{ABA} pathway genes mediated systemic acquired resistance ({SAR}) and its master regulation via production of phased, trans-acting {siRNAs} against stem rot pathogen \textit{Macrophomina phaseolina} in a {RIL} population of jute (\textit{Corchorus capsularis})","87","2014"
"Yan-Ling Zhang and Jian-Cai Mao and Jia-Feng Huang and Pei Meng and Feng Gao","2015-10","10.1016/j.pmpp.2015.05.001","Physiological and Molecular Plant Pathology","oct","148--153","A uracil-{DNA} glycosylase functions in spore development and pathogenicity of \textit{Verticillium dahliae}","92","2015"
"Ana Isabel Cueto-Ginzo and Luis Serrano and Richard M. Bostock and Juan Pedro Ferrio and Ricardo Rodr\'\iguez and Laura Arcal and Mar\'\ia \'Angeles Achon and Tania Falcioni and Walter Patricio Luzuriaga and Vicente Medina","2016-01","10.1016/j.pmpp.2015.11.003","Physiological and Molecular Plant Pathology","jan","1--11","Salicylic acid mitigates physiological and proteomic changes induced by the {SPCP}1 strain of {Potato virus X in tomato plants}","93","2016"
"Zhiyuan Yin and Xiwang Ke and Zhensheng Kang and Lili Huang","2016-01","10.1016/j.pmpp.2016.01.004","Physiological and Molecular Plant Pathology","jan","85--92","Apple resistance responses against \textit{Valsa mali} revealed by transcriptomics analyses","93","2016"
"Amauri Bogo and Ricardo Trezzi Casa and Leo Rufato and Mayra Juline Gonçalves","2012-01","10.1016/j.cropro.2011.08.024","Crop Protection","jan","40--44","The effect of hail protection nets on Glomerella leaf spot in `royal Gala' apple","31","2012"
"Guus Bakkeren and Xiao Song and Vinay Panwar and Rob Linning and Xiben Wang and Christof Rampitsch and Brent McCallum and John Fellers and Barry Saville","2012","10.1080/07060661.2012.664567","Canadian Journal of Plant Pathology","NA","3--12","Functional genomic approaches in cereal rusts","34","2012"
"Zheng-Nan Li and Lei Zhang and Yao-Bo Bai and Ping Liu and Yun-Feng Wu","2012-01","10.1080/07060661.2012.659679","Canadian Journal of Plant Pathology","jan","34--41","Detection and identification of the elm yellows group phytoplasma associated with {Puna} chicory flat stem in {China}","34","2012"
"Lamia Aouar and Sylvain Lerat and Ammar Ouffroukh and Abderrahmane Boulahrouf and Carole Beaulieu","2012-04","10.1080/07060661.2012.681396","Canadian Journal of Plant Pathology","apr","165--176","Taxonomic identification of rhizospheric actinobacteria isolated from {Algerian} semi-arid soil exhibiting antagonistic activities against plant fungal pathogens","34","2012"
"Ahmed F. El-Bebany and Hassna Alkher and Lorne R. Adam and Fouad Daayf","2013-01","10.1080/07060661.2012.702128","Canadian Journal of Plant Pathology","jan","1--9","Vegetative compatibility of \textit{Verticillium dahliae} isolates from potato and sunflower using nitrate non-utilizing (nit) mutants and {PCR}-based approaches","35","2013"
"Li Wang and Christopher Mogg and Sean Walkowiak and Manisha Joshi and Rajagopal Subramaniam","2014-01","10.1080/07060661.2013.868370","Canadian Journal of Plant Pathology","jan","12--21","Characterization of {NADPH} oxidase genes \textit{NoxA} and \textit{ NoxBin} \textit{Fusarium graminearum}","36","2014"
"Jean A. Béru é and Guillaume G. Nicolas","2014-12","10.1080/07060661.2014.986526","Canadian Journal of Plant Pathology","dec","67--81","Alien fungal species on asymptomatic live woody plant material imported into {Canada}","37","2014"
"Scovia Adikini and Settumba B. Mukasa and Robert O.M. Mwanga and Richard W. Gibson","2015-01","10.1080/07060661.2015.1004111","Canadian Journal of Plant Pathology","jan","136--147","Sweet potato cultivar degeneration rate under high and low sweet potato virus disease pressure zones in {Uganda}","37","2015"
"William W. Bockus and Erick D. De Wolf and Timothy C. Todd","2016","10.1094/php-rs-15-0050","Plant Health Progress","NA","NA","Management Strategies for {Barley Yellow Dwarf} on Winter Wheat in {Kansas}","NA","2016"