"publication","year.x","start_page","assignee","doi","comments","bibtype","url","month","publisher","volume","number","pages","author","title","journal","editor"
"Australasian Plant Pathology",2013,13,"Zach","10.1007/s13313-012-0157-z","","Article","https://doi.org/10.1007%2Fs13313-012-0157-z","oct","Springer Nature","42","1","9--16","Meenu Bareja and Ritu Mawar and Manish Mathur and Satish Lodha","On {\textendash}farm waste-based composts in managing Macrophomina phaseolina induced dry root rot of guar in an arid environment","Australasian Plant Pathology",NA
"Australasian Plant Pathology",2013,51,"Adam","10.1007/s13313-012-0178-7","","Article","https://doi.org/10.1007%2Fs13313-012-0178-7","dec","Springer Nature","42","1","43--51","J. Elith and J. Simpson and M. Hirsch and M. A. Burgman","Taxonomic uncertainty and decision making for biosecurity: spatial models for myrtle/guava rust","Australasian Plant Pathology",NA
"Australasian Plant Pathology",2014,29,"Nik","10.1007/s13313-013-0228-9","","Article","https://doi.org/10.1007%2Fs13313-013-0228-9","may","Springer Nature","43","1","25--31","R. Billones-Baaijens and E. E. Jones and H. J. Ridgway and M. V. Jaspers","Susceptiblity of common rootstock and scion varieties of grapevines to Botryosphaeriaceae species","Australasian Plant Pathology",NA
"Australasian Plant Pathology",2014,55,"Zach","10.1007/s13313-013-0240-0","","Article","https://doi.org/10.1007%2Fs13313-013-0240-0","jul","Springer Nature","43","1","53--60","Hong-chun Luo and Guo-kang Chen and Cui-ping Liu and Yun Huang and Chong-gang Xiao","An improved culture solution technique for Plasmodiophora brassicae infection and the dynamic infection in the root hair","Australasian Plant Pathology",NA
"Canadian Journal of Plant Pathology",2012,8,"Emerson","10.1080/07060661.2012.664567","","Article","https://doi.org/10.1080%2F07060661.2012.664567","jan","Informa {UK} Limited","34","1","3--12","Guus Bakkeren and Xiao Song and Vinay Panwar and Rob Linning and Xiben Wang and Christof Rampitsch and Brent McCallum and John Fellers and Barry Saville","Functional genomic approaches in cereal rusts","Canadian Journal of Plant Pathology",NA
"Canadian Journal of Plant Pathology",2012,37,"Zach","10.1080/07060661.2012.659679","","Article","https://doi.org/10.1080%2F07060661.2012.659679","jan","Informa {UK} Limited","34","1","34--41","Zheng-Nan Li and Lei Zhang and Yao-Bo Bai and Ping Liu and Yun-Feng Wu","Detection and identification of the elm yellows group phytoplasma associated with Puna chicory flat stem in China","Canadian Journal of Plant Pathology",NA
"Canadian Journal of Plant Pathology",2012,141,"Nik","10.1080/07060661.2012.681396","Original random page number not applicable, selected next article sequentially","Article","https://doi.org/10.1080%2F07060661.2012.681396","apr","Informa {UK} Limited","34","2","165--176","Lamia Aouar and Sylvain Lerat and Ammar Ouffroukh and Abderrahmane Boulahrouf and Carole Beaulieu","Taxonomic identification of rhizospheric actinobacteria isolated from Algerian semi-arid soil exhibiting antagonistic activities against plant fungal pathogens","Canadian Journal of Plant Pathology",NA
"Canadian Journal of Plant Pathology",2013,5,"Nik","10.1080/07060661.2012.702128","","Article","https://doi.org/10.1080%2F07060661.2012.702128","jan","Informa {UK} Limited","35","1","1--9","Ahmed F. El-Bebany and Hassna Alkher and Lorne R. Adam and Fouad Daayf","Vegetative compatibility {ofVerticillium} dahliaeisolates from potato and sunflower using nitrate non-utilizing (nit) mutants and {PCR}-based approaches","Canadian Journal of Plant Pathology",NA
"Canadian Journal of Plant Pathology",2014,9,"Zach","10.1080/07060661.2013.868370","Original random page number is review, next sequential article selected","Article","https://doi.org/10.1080%2F07060661.2013.868370","jan","Informa {UK} Limited","36","1","12--21","Li Wang and Christopher Mogg and Sean Walkowiak and Manisha Joshi and Rajagopal Subramaniam","Characterization of {NADPH} oxidase {genesNoxAandNoxBinFusarium} graminearum","Canadian Journal of Plant Pathology",NA
"Canadian Journal of Plant Pathology",2015,72,"Adam","10.1080/07060661.2014.986526","","Article","https://doi.org/10.1080%2F07060661.2014.986526","dec","Informa {UK} Limited","37","1","67--81","Jean A. Béru é and Guillaume G. Nicolas","Alien fungal species on asymptomatic live woody plant material imported into Canada","Canadian Journal of Plant Pathology",NA
"Canadian Journal of Plant Pathology",2015,142,"Emerson","10.1080/07060661.2015.1004111","","Article","https://doi.org/10.1080%2F07060661.2015.1004111","jan","Informa {UK} Limited","37","1","136--147","Scovia Adikini and Settumba B. Mukasa and Robert O.M. Mwanga and Richard W. Gibson","Sweet potato cultivar degeneration rate under high and low sweet potato virus disease pressure zones in Uganda","Canadian Journal of Plant Pathology",NA
"Crop Protection",2012,1,"Nik","10.1016/j.cropro.2011.08.024","Original random page number is review, next sequential article selected","Article","https://doi.org/10.1016%2Fj.cropro.2011.08.024","jan","Elsevier {BV}","31","1","40--44","Amauri Bogo and Ricardo Trezzi Casa and Leo Rufato and Mayra Juline Gonçalves","The effect of hail protection nets on Glomerella leaf spot in `royal Gala' apple","Crop Protection",NA
"Crop Protection",2012,61,"Zach","10.1016/j.cropro.2011.09.010","Original random page number is review, next sequential article selected","Article","https://doi.org/10.1016%2Fj.cropro.2011.09.010","jan","Elsevier {BV}","31","1","125--131","J.A. Mouen Bedimo and C. Cilas and J.L. Nottéghem and D. Bieysse","Effect of temperatures and rainfall variations on the development of coffee berry disease caused by Colletotrichum kahawae","Crop Protection",NA
"Crop Protection",2012,99,"Nik","10.1016/j.cropro.2011.10.001","Original random page number is review, next sequential article selected (also from second volume of year)","Article","https://doi.org/10.1016%2Fj.cropro.2011.10.001","feb","Elsevier {BV}","32",NA,"111--118","Balasubramanian Mythili Gnanamangai and Ponnusamy Ponmurugan","Evaluation of various fungicides and microbial based biocontrol agents against bird's eye spot disease of tea plants","Crop Protection",NA
"Crop Protection",2013,82,"Emerson","10.1016/j.cropro.2012.09.001","","Article","https://doi.org/10.1016%2Fj.cropro.2012.09.001","jan","Elsevier {BV}","43",NA,"79--88","Eve Veromann and Merje Toome and Astrid Kännaste and Riina Kaasik and Lucian Copolovici and Jaak Flink and Gabriella Kovács and Lea Narits and Anne Luik and Ülo Niinemets","Effects of nitrogen fertilization on insect pests, their parasitoids, plant diseases and volatile organic compounds in Brassica napus","Crop Protection",NA
"Crop Protection",2013,85,"Adam","10.1016/j.cropro.2012.09.009","Original random page number included in previous article. Next sequential article selected","Article","https://doi.org/10.1016%2Fj.cropro.2012.09.009","jan","Elsevier {BV}","43",NA,"89--93","Junhao Qin and Hongzhi He and Shiming Luo and Huashou Li","Effects of rice-water chestnut intercropping on rice sheath blight and rice blast diseases","Crop Protection",NA
"Crop Protection",2014,8,"Emerson","10.1016/j.cropro.2013.10.002","","Article","https://doi.org/10.1016%2Fj.cropro.2013.10.002","jan","Elsevier {BV}","55",NA,"7--15","Béatrice Collange and Mireille Navarrete and Françoise Montfort and Thierry Mateille and Johannes Tavoillot and Bernard Martiny and Marc Tchamitchian","Alternative cropping systems can have contrasting effects on various soil-borne diseases: Relevance of a systemic analysis in vegetable cropping systems","Crop Protection",NA
"Crop Protection",2014,22,"Nik","10.1016/j.cropro.2013.10.003","","Article","https://doi.org/10.1016%2Fj.cropro.2013.10.003","jan","Elsevier {BV}","55",NA,"21--27","Benjamin Mimee and Roxane Andersen and Guy Bélair and Anne Vanasse and Mike Rott","Impact of quarantine procedures on weed biodiversity and abundance: Implications for the management of the golden potato cyst nematode, Globodera rostochiensis","Crop Protection",NA
"Crop Protection",2015,72,"Adam","10.1016/j.cropro.2014.09.015","Original random page number is review, next sequential article selected","Article","https://doi.org/10.1016%2Fj.cropro.2014.09.015","jan","Elsevier {BV}","67",NA,"91--95","Ph. Lachenaud and V. Rossi and J.-M. Thevenin and F. Doa é","The {\textquotedblleft}Guiana{\textquotedblright} genetic group: A new source of resistance to cacao (Theobroma cacao L.) black pod rot caused by Phytophthora capsici","Crop Protection",NA
"Crop Protection",2016,117,"Adam","10.1016/j.cropro.2015.10.019","","Article","https://doi.org/10.1016%2Fj.cropro.2015.10.019","jan","Elsevier {BV}","79",NA,"117--123","I.O. Mugisa and J. Karungi and B. Akello and M.K.N. Ochwo-Ssemakula and M. Biruma and D.K. Okello and G. Otim","Determinants of groundnut rosette virus disease occurrence in Uganda","Crop Protection",NA
"European Journal of Plant Pathology",2012,54,"Nik","10.1007/s10658-011-9847-6","","Article","https://doi.org/10.1007%2Fs10658-011-9847-6","jul","Springer Nature","132","1","49--57","Polona Strajnar and Saša {Širca} and Gregor Urek and Helena {Šircelj} and Peter Železnik and Dominik Vodnik","Effect of Meloidogyne ethiopica parasitism on water management and physiological stress in tomato","European Journal of Plant Pathology",NA
"European Journal of Plant Pathology",2013,21,"Emerson","10.1007/s10658-012-0034-1","","Article","https://doi.org/10.1007%2Fs10658-012-0034-1","nov","Springer Nature","135","1","11--21","Mengji Cao and Sagheer Atta and Huanan Su and Xuefeng Wang and Qiong Wu and Zhongan Li and Changyong Zhou","Molecular characterization and phylogenetic analysis of Citrus viroid V isolates from Pakistan","European Journal of Plant Pathology",NA
"European Journal of Plant Pathology",2013,58,"Nik","10.1007/s10658-012-0064-8","","Article","https://doi.org/10.1007%2Fs10658-012-0064-8","aug","Springer Nature","135","1","49--65","Shunwen Lu and Michael C. Edwards and Timothy L. Friesen","Genetic variation of single nucleotide polymorphisms identified at the mating type locus correlates with form-specific disease phenotype in the barley net blotch fungus Pyrenophora teres","European Journal of Plant Pathology",NA
"European Journal of Plant Pathology",2013,63,"Emerson","10.1007/s10658-012-0065-7","Original random page number included in previous article. Next sequential article selected","Article","https://doi.org/10.1007%2Fs10658-012-0065-7","aug","Springer Nature","135","1","67--79","Claudia Torres-Calzada and Raul Tapia-Tussell and Inocencio Higuera-Ciapara and Daisy Perez-Brito","Morphological, pathological and genetic diversity of Colletotrichum species responsible for anthracnose in papaya (Carica papaya L)","European Journal of Plant Pathology",NA
"European Journal of Plant Pathology",2013,108,"Zach","10.1007/s10658-012-0069-3","","Article","https://doi.org/10.1007%2Fs10658-012-0069-3","aug","Springer Nature","135","1","105--113","Diego A. Sampietro and Carolina M. Fauguel and Marta A. Vattuone and Daniel A. Presello and Cesar A. N. Catalán","Phenylpropanoids from maize pericarp: resistance factors to kernel infection and fumonisin accumulation by Fusarium verticillioides","European Journal of Plant Pathology",NA
"European Journal of Plant Pathology",2014,150,"Zach","10.1007/s10658-013-0315-3","","Article","https://doi.org/10.1007%2Fs10658-013-0315-3","nov","Springer Nature","138","1","149--155","Daniela Moyankova and Aneta Lyubenova and Slavtcho Slavov and Dimitar Djilianov","Extracts of the endemic resurrection plant Haberlea rhodopensis stimulate in vitro growth of various Phytophthora spp. pathogens","European Journal of Plant Pathology",NA
"European Journal of Plant Pathology",2015,81,"Emerson","10.1007/s10658-014-0525-3","","Article","https://doi.org/10.1007%2Fs10658-014-0525-3","sep","Springer Nature","141","1","71--82","Ioannis A. Papaioannou and Milton A. Typas","Barrage formation is independent from heterokaryon incompatibility in Verticillium dahliae","European Journal of Plant Pathology",NA
"European Journal of Plant Pathology",2016,20,"Nik","10.1007/s10658-015-0740-6","","Article","https://doi.org/10.1007%2Fs10658-015-0740-6","sep","Springer Nature","144","1","15--30","M. Vasić and N. Duduk and I. Vico and D. Rančić and V. Pajić and D. Backhouse","Comparative study of Monilinia fructigena and Monilia polystroma on morphological features, {RFLP} analysis, pathogenicity and histopathology","European Journal of Plant Pathology",NA
"Forest Pathology",2012,76,"Emerson","10.1111/j.1439-0329.2010.00710.x","","Article","https://doi.org/10.1111%2Fj.1439-0329.2010.00710.x","feb","Wiley-Blackwell","42","1","75--78","T. Regliński and N. Rodenburg and J. T. Taylor and G. L. Northcott and A. Ah Chee and T. M. Spiers and R. A. Hill","Trichoderma atroviride promotes growth and enhances systemic resistance to Diplodia pinea in radiata pine (Pinus radiata) seedlings","Forest Pathology",NA
"Forest Pathology",2012,78,"Emerson","10.1111/j.1439-0329.2011.00712.x","Original random page number included in previous article. Next sequential article selected","Article","https://doi.org/10.1111%2Fj.1439-0329.2011.00712.x","feb","Wiley-Blackwell","42","1","79--83","A. Menkis and D. Burokie \.{e}","Distribution and genetic diversity of the root-rot pathogen Neonectria macrodidyma in a forest nursery","Forest Pathology",NA
"Forest Pathology",2012,142,"Adam","10.1111/j.1439-0329.2011.00729.x","","Article","https://doi.org/10.1111%2Fj.1439-0329.2011.00729.x","jul","Wiley-Blackwell","42","2","136--143","J. F. Webber and A. M. Vettraino and T. T. Chang and S.E. Bellgard and C. M. Brasier and A. Vannini","Isolation of Phytophthora lateralis from Chamaecyparis foliage in Taiwan","Forest Pathology",NA
"Forest Pathology",2013,144,"Adam","10.1111/efp.12011","","Article","https://doi.org/10.1111%2Fefp.12011","nov","Wiley-Blackwell","43","2","144--152","D.-D. Wang and X.-Y. Cheng and Y.-S. Wang and H.-Y. Pan and B.-Y. Xie","Characterization and expression ofdaf-9anddaf-12genes in the pinewood nematode,Bursaphelenchus xylophilus","Forest Pathology","L. Belbahri"
"Forest Pathology",2014,125,"Nik","10.1111/efp.12076","","Article","https://doi.org/10.1111%2Fefp.12076","oct","Wiley-Blackwell","44","2","124--130","J. Roux and H. Solheim and G. Kamgan Nkuekam and M. J. Wingfield","Sporendocladia bactrosporaassociated with wounds on native broadleaved trees in Norway and Sweden","Forest Pathology","R. Sturrock"
"Forest Pathology",2014,143,"Emerson","10.1111/efp.12078","","Article","https://doi.org/10.1111%2Fefp.12078","dec","Wiley-Blackwell","44","2","137--144","F. Gherghel and B. Fussi and K. Donges and M. Haustein and K. M. Jakob and K. Müller and B. Piškur and T. Hauptman and H. D. Lenz and M. Konnert and G. Kost and K.-H. Rexer","The development of a species-specific test to {detectHymenoschyphus} pseudoalbidusin ash tissues","Forest Pathology","J. Stenlid"
"Forest Pathology",2015,114,"Nik","10.1111/efp.12134","","Article","https://doi.org/10.1111%2Fefp.12134","jul","Wiley-Blackwell","45","2","111--119","M. A. Hughes and S. A. Inch and R. C. Ploetz and H. L. Er and A. H. C. {van Bruggen} and J. A. Smith","Responses of swamp bay,Persea palustris, and avocado,Persea americana, to various concentrations of the laurel wilt pathogen,Raffaelea lauricola","Forest Pathology","J. Roux"
"Forest Pathology",2016,146,"Emerson","10.1111/efp.12239","","Article","https://doi.org/10.1111%2Fefp.12239","oct","Wiley-Blackwell","46","2","134--163","T. Jung and L. Orlikowski and B. Henricot and P. Abad-Campos and A. G. Aday and O. Agu\'\in Casal and J. Bakonyi and S. O. Cacciola and T. Cech and D. Chavarriaga and T. Corcobado and A. Cravador and T. Decourcelle and G. Denton and S. Diamandis and H. T. Doğmuş-Lehtijärvi and A. Franceschini and B. Ginetti and S. Green and M. Glavendekić and J. Hantula and G. Hartmann and M. Herrero and D. Ivic and M. Horta Jung and A. Lilja and N. Keca and V. Kramarets and A. Lyubenova and H. Machado and G. Magnano {di San Lio} and P. J. Mansilla Vázquez and B. Marçais and I. Matsiakh and I. Milenkovic and S. Moricca and Z. Á. Nagy and J. Nechwatal and C. Olsson and T. Oszako and A. Pane and E. J. Paplomatas and C. Pintos Varela and S. Prospero and C. Rial Mart\'\inez and D. Rigling and C. Robin and A. Rytkönen and M. E. Sánchez and A. V. Sanz Ros and B. Scanu and A. Schlenzig and J. Schumacher and S. Slavov and A. Solla and E. Sousa and J. Stenlid and V. Tal ø and Z. Tomic and P. Tsopelas and A. Vannini and A. M. Vettraino and M. Wenneker and S. Woodward and A. Peréz-Sierra","{WidespreadPhytophthorainfestations} in European nurseries put forest, semi-natural and horticultural ecosystems at high risk of Phytophthora diseases","Forest Pathology","M.-L. Deprez-Loustau"
"Forest Pathology",2016,150,"Zach","10.1111/efp.12263","Original random page number included in previous article. Next sequential article selected","Article","https://doi.org/10.1111%2Fefp.12263","feb","Wiley-Blackwell","46","2","164--167","M.-S. Kim and P. A. Hohenlohe and K.-H. Kim and S.-T. Seo and N. B. Klopfenstein","Genetic diversity and population structure {ofRaffaelea} quercus-mongolicae,a fungus associated with oak mortality in South Korea","Forest Pathology","M. Hale"
"Journal of General Plant Pathology",2012,99,"Adam","10.1007/s10327-012-0367-9","","Article","https://doi.org/10.1007%2Fs10327-012-0367-9","feb","Springer Nature","78","2","99--105","Jun Yamamoto and Kazuaki Tanaka and Nobuaki Ohtaka and Toyozo Sato","Black leaf spot of Japanese persimmon (Diospyros kaki), a new disease caused by Adisciso kaki sp. nov.","Journal of General Plant Pathology",NA
"Journal of General Plant Pathology",2012,125,"Zach","10.1007/s10327-012-0364-z","","Article","https://doi.org/10.1007%2Fs10327-012-0364-z","feb","Springer Nature","78","2","121--126","Lani E. Yakabe and M. Malendia Maccree and Padma Sudarshana and Ali E. McClean and Shane R. Parker and William P. Wechter and Gernot Presting and Mizuri Marutani-Hert and Daniel A. Kluepfel","Novel {PCR} primers for detection of genetically diverse virulent Agrobacterium tumefaciens biovar 1 strains","Journal of General Plant Pathology",NA
"Journal of General Plant Pathology",2012,132,"Adam","10.1007/s10327-012-0360-3","","Article","https://doi.org/10.1007%2Fs10327-012-0360-3","jan","Springer Nature","78","2","127--132","Yukari Ido and Kenji S. Nakahara and Ichiro Uyeda","White clover mosaic virus-induced gene silencing in pea","Journal of General Plant Pathology",NA
"Journal of General Plant Pathology",2012,141,"Emerson","10.1007/s10327-012-0363-0","","Article","https://doi.org/10.1007%2Fs10327-012-0363-0","feb","Springer Nature","78","2","140--144","Nobuya Tashiro and Kayo Manabe and Youichi Ide","First report of whisker mold, a postharvest disease on citrus caused by Penicillium ulaiense (in Japan)","Journal of General Plant Pathology",NA
"Journal of General Plant Pathology",2013,4,"Zach","10.1007/s10327-012-0405-7","","Article","https://doi.org/10.1007%2Fs10327-012-0405-7","sep","Springer Nature","79","1","1--11","Kazuhiro Toyoda and Satoko Ikeda and Jun-ichi Morikawa and Masaya Hirose and Aya Maeda and Tomoko Suzuki and Yoshishige Inagaki and Yuki Ichinose and Tomonori Shiraishi","The Medicago truncatula{\textendash}Mycosphaerella pinodes interaction: a new pathosystem for dissecting fungal-suppressor-mediated disease susceptibility in plants","Journal of General Plant Pathology",NA
"Journal of General Plant Pathology",2013,50,"Nik","10.1007/s10327-012-0416-4","","Article","https://doi.org/10.1007%2Fs10327-012-0416-4","oct","Springer Nature","79","1","46--50","Akira Kawaguchi and Koji Tanina and Koji Inoue","Spatiotemporal distribution of tomato plants naturally infected with bacterial canker in greenhouses","Journal of General Plant Pathology",NA
"Journal of General Plant Pathology",2013,99,"Adam","10.1007/s10327-013-0428-8","","Article","https://doi.org/10.1007%2Fs10327-013-0428-8","feb","Springer Nature","79","2","96--104","Hong-yan Zhang and Dong-yang He and Teerapong Kasetsomboon and Heng Zhou and Ping Li and Xiang-long Li and Chatchawan Jantasuriyarat and Bo Zhou","Analysis of selected singleton transposable elements ({SSTEs}) and their application for the development of land {PATE} markers in Magnaporthe oryzae","Journal of General Plant Pathology",NA
"Journal of General Plant Pathology",2014,99,"Zach","10.1007/s10327-013-0480-4","","Article","https://doi.org/10.1007%2Fs10327-013-0480-4","sep","Springer Nature","80","1","99--102","Toru Kondo and Mamoru Satou and Toshiyuki Morikawa and Yoshiaki Chikuo","Brown root rot of Russell prairie gentian caused by Subplenodomus drobnjacensis","Journal of General Plant Pathology",NA
"Journal of General Plant Pathology",2014,99,"Zach","10.1007/s10327-013-0491-1","Random page number exact duplicate of last, next sequential article selected","Article","https://doi.org/10.1007%2Fs10327-013-0491-1","oct","Springer Nature","80","1","103--107","Rie Gappa-Adachi and Yasuaki Morita and Yoshifumi Shimomoto and Shigeharu Takeuchi","Bacterial leaf blight of sweet pepper (Capsicum annuum) caused by Pseudomonas cichorii in Japan","Journal of General Plant Pathology",NA
"Journal of General Plant Pathology",2015,26,"Emerson","10.1007/s10327-014-0557-8","","Article","https://doi.org/10.1007%2Fs10327-014-0557-8","sep","Springer Nature","81","1","24--31","Louis K. Prom and Ramasamy Perumal and Noe Montes-Garcia and Thomas Isakeit and Gary N. Odvody and William L. Rooney and Christopher R. Little and Clint Magill","Evaluation of Gambian and Malian sorghum germplasm against downy mildew pathogen, Peronosclerospora sorghi, in Mexico and the {USA}","Journal of General Plant Pathology",NA
"Journal of General Plant Pathology",2016,52,"Adam","10.1007/s10327-015-0633-8","","Article","https://doi.org/10.1007%2Fs10327-015-0633-8","nov","Springer Nature","82","1","51--56","Ryo Shukunami and Yutaka Iwamoto and Shinji Sugiura and Kentaro Ikeda and Hitohsi Nakayashiki and Kenichi Ikeda","Field method to monitor the mycoparasitic fungus Coniothyrium minitans","Journal of General Plant Pathology",NA
"Journal of General Plant Pathology",2016,124,"Zach","10.1007/s10327-016-0656-9","","Article","https://doi.org/10.1007%2Fs10327-016-0656-9","mar","Springer Nature","82","3","121--131","Kazumi Takao and Yasunori Akagi and Takashi Tsuge and Yoshiaki Harimoto and Mikihiro Yamamoto and Motoichiro Kodama","The global regulator {LaeA} controls biosynthesis of host-specific toxins, pathogenicity and development of Alternaria alternata pathotypes","Journal of General Plant Pathology",NA
"Journal of Phytopathology",2013,57,"Zach","10.1111/jph.12031","","Article","https://doi.org/10.1111%2Fjph.12031","oct","Wiley-Blackwell","161","1","49--58","Pallem Chowdappa and Nirmal B. J. Kumar and Shivanna Madhura and Mohan S. P. Kumar and Kevin L. Myers and William E. Fry and Julie N. Squires and David E. L. Cooke","Emergence of 13{\_}A2 Blue Lineage {ofPhytophthora} infestanswas Responsible for Severe Outbreaks of Late Blight on Tomato in South-West India","Journal of Phytopathology",NA
"Journal of Phytopathology",2013,72,"Emerson","10.1111/jph.12027","","Article","https://doi.org/10.1111%2Fjph.12027","oct","Wiley-Blackwell","161","2","70--77","He-Qin Zhu and Zi-Li Feng and Zhi-Fang Li and Yong-Qiang Shi and Li-Hong Zhao and Jia-Rong Yang","Characterization of Two Fungal Isolates from Cotton and Evaluation of their Potential for Biocontrol of Verticillium Wilt of Cotton","Journal of Phytopathology",NA
"Journal of Phytopathology",2013,87,"Adam","10.1111/jph.12029","","Article","https://doi.org/10.1111%2Fjph.12029","oct","Wiley-Blackwell","161","2","86--91","Yunior Morán and Osmani Chacón and Maria {del Carmen Córdoba-Sellés} and Rosario Dom\'\inguez-Larrinaga and Lidcay Herrera and Orlando Borrás-Hidalgo","Identification and Molecular Characterization {ofNocardiasp}. as a New Causal Agent of Tobacco False Broomrape","Journal of Phytopathology",NA
"Journal of Phytopathology",2013,143,"Nik","10.1111/jph.12038","","Article","https://doi.org/10.1111%2Fjph.12038","nov","Wiley-Blackwell","161","3","142--153","Holly Derksen and Mohamed Badawi and Maria Antonia Henriquez and Zhen Yao and Ahmed Farag El-Bebany and Fouad Daayf","Differential Expression of Potato Defence Genes Associated with the Salicylic Acid Defence Signalling Pathway in Response to Weakly and Highly Aggressive Isolates {ofVerticillium} dahliae","Journal of Phytopathology",NA
"Journal of Phytopathology",2014,53,"Adam","10.1111/jph.12158","","Article","https://doi.org/10.1111%2Fjph.12158","aug","Wiley-Blackwell","162","1","48--54","Yonghong Ge and David I. Guest and Yang Bi","Differences in the Induction of Defence Responses in Resistant and Susceptible Muskmelon Plants Infected {withColletotrichum} lagenarium","Journal of Phytopathology",NA
"Journal of Phytopathology",2015,2,"Adam","10.1111/jph.12274","","Article","https://doi.org/10.1111%2Fjph.12274","may","Wiley-Blackwell","163","1","1--10","Pedro Mondino and Leticia Casanova and Antonella Celio and Oscar Bentancur and Carolina Leoni and Sandra Alaniz","Sensitivity {ofVenturia} inaequalisto Trifloxystrobin and Difenoconazole in Uruguay","Journal of Phytopathology",NA
"Journal of Phytopathology",2015,67,"Nik","10.1111/jph.12259","","Article","https://doi.org/10.1111%2Fjph.12259","apr","Wiley-Blackwell","163","1","63--66","Chenchen Lu and Tingting Dai and HaiFeng Zhang and YuanChao Wang and XiaoBo Zheng","Development of a Loop-Mediated Isothermal Amplification Assay to {DetectFusarium} oxysporum","Journal of Phytopathology",NA
"Journal of Plant Pathology",2012,60,"Emerson","10.4454/jpp.fa.2012.002","",NA,NA,NA,NA,NA,NA,NA,NA,NA,NA,NA
"Journal of Plant Pathology",2012,70,"Zach","10.4454/jpp.fa.2012.003","Original random page number included in previous article. Next sequential article selected",NA,NA,NA,NA,NA,NA,NA,NA,NA,NA,NA
"Journal of Plant Pathology",2012,104,"Emerson","10.4454/jpp.fa.2012.019","",NA,NA,NA,NA,NA,NA,NA,NA,NA,NA,NA
"Journal of Plant Pathology",2013,28,"Emerson","10.4454/JPP.V95I1.003","",NA,NA,NA,NA,NA,NA,NA,NA,NA,NA,NA
"Journal of Plant Pathology",2013,107,"Adam","10.4454/JPP.V95I1.004","",NA,NA,NA,NA,NA,NA,NA,NA,NA,NA,NA
"Journal of Plant Pathology",2013,125,"Zach","10.4454/JPP.V95I1.028","",NA,NA,NA,NA,NA,NA,NA,NA,NA,NA,NA
"Journal of Plant Pathology",2014,144,"Emerson","10.4454/JPP.V95I1.013","",NA,NA,NA,NA,NA,NA,NA,NA,NA,NA,NA
"Journal of Plant Pathology",2015,97,"Nik","10.4454/JPP.V97I1.013","",NA,NA,NA,NA,NA,NA,NA,NA,NA,NA,NA
"Journal of Plant Pathology",2016,2,"Adam","10.4454/JPP.V98I1.028","Original random page number is review, next sequential article selected",NA,NA,NA,NA,NA,NA,NA,NA,NA,NA,NA
"Journal of Plant Pathology",2016,105,"Zach","10.4454/JPP.V98I1.030","",NA,NA,NA,NA,NA,NA,NA,NA,NA,NA,NA
"Journal of Plant Pathology",2016,132,"Emerson","10.4454/JPP.V98I1.071","",NA,NA,NA,NA,NA,NA,NA,NA,NA,NA,NA
"Virology Journal (Plant Viruses Section)",2012,37,"Nik","10.1186/1743-422x-10-173","Original random page number not applicable, selected next article sequentially","Article","https://doi.org/10.1186%2F1743-422x-10-173",NA,"Springer Nature","10","1","173","Wenwen Liu and Xiaojuan Zhao and Peng Zhang and Thi Mar and Yan Liu and Zongying Zhang and Chenggui Han and Xifeng Wang","A one step real-time {RT}-{PCR} assay for the quantitation of Wheat yellow mosaic virus ({WYMV})","Virology Journal",NA
"Virology Journal (Plant Viruses Section)",2012,66,"Emerson","10.1186/1743-422x-10-262","Original random page number not applicable, selected next article sequentially","Article","https://doi.org/10.1186%2F1743-422x-10-262",NA,"Springer Nature","10","1","262","Daniel Mendes Ardisson-Araújo and Juliana Rocha and Márcio Hedil {da Costa} and Anamélia Bocca and André Dusi and Renato {de Oliveira Resende} and Bergmann Ribeiro","A baculovirus-mediated strategy for full-length plant virus coat protein expression and purification","Virology Journal",NA
"Virology Journal (Plant Viruses Section)",2012,78,"Emerson","10.1186/1743-422x-10-324","Original random page number not applicable, selected next article sequentially","Article","https://doi.org/10.1186%2F1743-422x-10-324",NA,"Springer Nature","10","1","324","Sudarsana Poojari and Olufemi J Alabi and Rayapati A Naidu","Molecular characterization and impacts of a strain of Grapevine leafroll-associated virus 2 causing asymptomatic infection in a wine grape cultivar","Virology Journal",NA
"Virology Journal (Plant Viruses Section)",2012,140,"Nik","10.1186/s12985-014-0216-x","Original random page number not applicable, selected next article sequentially","Article","https://doi.org/10.1186%2Fs12985-014-0216-x","dec","Springer Nature","11","1",NA,"Tadeo Kaweesi and Robert Kawuki and Vincent Kyaligonza and Yona Baguma and Geoffrey Tusiime and Morag E Ferguson","Field evaluation of selected cassava genotypes for cassava brown streak disease based on symptom expression and virus load","Virology Journal",NA
"Virology Journal (Plant Viruses Section)",2013,15,"Emerson","10.1186/1743-422x-11-19","Original random page number not applicable, selected next article sequentially","Article","https://doi.org/10.1186%2F1743-422x-11-19",NA,"Springer Nature","11","1","19","Allan Olspert and Kristjan Kamsol and Cecilia Sarmiento and Jelena Gerassimenko and Erkki Truve","Cocksfoot mottle virus coat protein is dispensable for the systemic infection","Virology Journal",NA
"Virology Journal (Plant Viruses Section)",2014,61,"Emerson","10.1186/1743-422x-11-55","Original random page number not applicable, selected next article sequentially","Article","https://doi.org/10.1186%2F1743-422x-11-55",NA,"Springer Nature","11","1","55","Hongxing Xu and Xiaochan He and Xusong Zheng and Yajun Yang and Junce Tian and Zhongxian Lu","Southern rice black-streaked dwarf virus ({SRBSDV}) directly affects the feeding and reproduction behavior of its vector, Sogatella furcifera (Horv{\'{a}}th) (Hemiptera: Delphacidae)","Virology Journal",NA
"Virology Journal (Plant Viruses Section)",2014,139,"Nik","10.1186/1743-422x-11-81","Original random page number not applicable, selected next article sequentially","Article","https://doi.org/10.1186%2F1743-422x-11-81",NA,"Springer Nature","11","1","81","Liang Yang and Zhenguo Du and Feng Gao and Kangcheng Wu and Lianhui Xie and Yi Li and Zujian Wu and Jianguo Wu","Transcriptome profiling confirmed correlations between symptoms and transcriptional changes in {RDV} infected rice and revealed nucleolus as a possible target of {RDV} manipulation","Virology Journal",NA
"Virology Journal (Plant Viruses Section)",2016,10,"Nik","10.1186/1743-422x-11-103","Original random page number not applicable, selected next article sequentially","Article","https://doi.org/10.1186%2F1743-422x-11-103",NA,"Springer Nature","11","1","103","Mohammed A Al-Saleh and Ibrahim M Al-Shahwan and Judith K Brown and Ali M Idris","Molecular characterization of a naturally occurring intraspecific recombinant begomovirus with close relatives widespread in southern Arabia","Virology Journal",NA
"Virology Journal (Plant Viruses Section)",2016,105,"Emerson","10.1186/1743-422x-11-181","Original random page number not applicable, selected next article sequentially","Article","https://doi.org/10.1186%2F1743-422x-11-181",NA,"Springer Nature","11","1","181","Moshe Lapidot and Dana Gelbart and Amit Gal-On and Noa Sela and Ghandi Anfoka and Fatima Haj Ahmed and Yusuf Abou-Jawada and Hana Sobh and Hamed Mazyad and Aboul-Ata E Aboul-Ata and Ahmed Kamal El-Attar and Mohammed S Ali-Shtayeh and Rana M Jamous and Jane E Polston and Siobain Duffy","Frequent migration of introduced cucurbit-infecting begomoviruses among Middle Eastern countries","Virology Journal",NA
"Virology Journal (Plant Viruses Section)",2016,119,"Emerson","10.1186/s12985-015-0340-2","Original random page number not applicable, selected next article sequentially","Article","https://doi.org/10.1186%2Fs12985-015-0340-2","jul","Springer Nature","12","1",NA,"Deya Wang and Chengming Yu and Guolu Wang and Kerong Shi and Fan Li and Xuefeng Yuan","Phylogenetic and recombination analysis of Tobacco bushy top virus in China","Virology Journal",NA
"Virology Journal (Plant Viruses Section)",2016,128,"Zach","10.1186/s12985-015-0247-y","Original random page number not applicable, selected next article sequentially","Article","https://doi.org/10.1186%2Fs12985-015-0247-y",NA,"Springer Nature","12","1","11","Chun-Yi Lin and Meng-Ling Wu and Tang-Long Shen and Hsin-Hung Yeh and Ting-Hsuan Hung","Multiplex detection, distribution, and genetic diversity of Hop stunt viroid and Citrus exocortis viroid infecting citrus in Taiwan","Virology Journal",NA
"Molecular Plant Pathology",2012,108,"Zach","10.1111/j.1364-3703.2011.00729.x","","Article","https://doi.org/10.1111%2Fj.1364-3703.2011.00729.x","jun","Wiley-Blackwell","13","2","105--113","SHEAU-FANG HWANG and STEPHEN E. STRELKOV and JIE FENG and BRUCE D. GOSSEN and RON J. HOWARD","Plasmodiophora brassicae: a review of an emerging pathogen of the Canadian canola (Brassica napus) crop","Molecular Plant Pathology",NA
"Molecular Plant Pathology",2012,142,"Nik","10.1111/j.1364-3703.2011.00736.x","","Article","https://doi.org/10.1111%2Fj.1364-3703.2011.00736.x","aug","Wiley-Blackwell","13","2","135--147","CBGOWDA RAYAPURAM and MICHAEL K. JENSEN and FABIAN MAISER and JOHANNA VIKGREN SHANIR and HENRIK HORNSHØJ and JESPER H. RUNG and PER L. GREGERSEN and PATRICK SCHWEIZER and DAVID B. COLLINGE and MICHAEL F. LYNGKJAER","Regulation of basal resistance by a powdery mildew-induced cysteine-rich receptor-like protein kinase in barley","Molecular Plant Pathology",NA
"Molecular Plant Pathology",2013,18,"Zach","10.1111/j.1364-3703.2012.00833.x","","Article","https://doi.org/10.1111%2Fj.1364-3703.2012.00833.x","oct","Wiley-Blackwell","14","1","2--18","Joana G. Vicente and Eric B. Holub","Xanthomonas campestrispv.campestris(cause of black rot of crucifers) in the genomic era is still a worldwide threat to brassica crops","Molecular Plant Pathology",NA
"Molecular Plant Pathology",2013,57,"Adam","10.1111/j.1364-3703.2012.00826.x","","Article","https://doi.org/10.1111%2Fj.1364-3703.2012.00826.x","sep","Wiley-Blackwell","14","1","44--57","Brisa Ramos and Pablo González-Melendi and Andrea Sánchez-Vallet and Clara Sánchez-Rodr\'\iguez and Gemma López and Antonio Molina","Functional genomics tools to decipher the pathogenicity mechanisms of the necrotrophic {fungusPlectosphaerella} {cucumerinainArabidopsis} thaliana","Molecular Plant Pathology",NA
"Molecular Plant Pathology",2013,72,"Nik","10.1111/j.1364-3703.2012.00829.x","","Article","https://doi.org/10.1111%2Fj.1364-3703.2012.00829.x","sep","Wiley-Blackwell","14","1","71--83","Xin Liu and Jinhua Jiang and Yanni Yin and Zhonghua Ma","Involvement {ofFgERG}4in ergosterol biosynthesis, vegetative differentiation and virulence {inFusarium} graminearum","Molecular Plant Pathology",NA
"Molecular Plant Pathology",2013,107,"Emerson","10.1111/j.1364-3703.2012.00832.x","","Article","https://doi.org/10.1111%2Fj.1364-3703.2012.00832.x","sep","Wiley-Blackwell","14","1","96--107","Klara Pretsch and Ariane Kemen and Eric Kemen and Matthias Geiger and Kurt Mendgen and Ralf Voegele","The rust transferred proteins-a new family of effector proteins exhibiting protease inhibitor function","Molecular Plant Pathology",NA
"Molecular Plant Pathology",2013,141,"Zach","10.1111/j.1364-3703.2012.00836.x","","Article","https://doi.org/10.1111%2Fj.1364-3703.2012.00836.x","oct","Wiley-Blackwell","14","2","131--144","Yuna Wang and Fengfeng Dang and Zhiqin Liu and Xu Wang and Thomas Eulgem and Yan Lai and Lu Yu and Jianju She and Youliang Shi and Jinhui Lin and Chengcong Chen and Deyi Guan and Ailian Qiu and Shuilin He","{CaWRKY}58, encoding a group I {WRKY} transcription factor {ofCapsicum} annuum, negatively regulates resistance {toRalstonia} solanacearuminfection","Molecular Plant Pathology",NA
"Molecular Plant Pathology",2014,53,"Zach","10.1111/mpp.12064","","Article","https://doi.org/10.1111%2Fmpp.12064","aug","Wiley-Blackwell","15","1","44--57","Fan Yang and Schuyler S. Korban and P. Lawrence Pusey and Michael Elofsson and George W. Sundin and Youfu Zhao","Small-molecule inhibitors suppress the expression of both type {III} secretion and amylovoran biosynthesis genes {inErwinia} amylovora","Molecular Plant Pathology",NA
"Molecular Plant Pathology",2014,149,"Emerson","10.1111/mpp.12075","","Article","https://doi.org/10.1111%2Fmpp.12075","oct","Wiley-Blackwell","15","2","145--160","Suryadevara S. Rao and Mohamed H. El-Habbak and Wendy M. Havens and Ajay Singh and Danman Zheng and Laura Vaughn and James S. Haudenshield and Glen L. Hartman and Schuyler S. Korban and Said A. Ghabrial","Overexpression {ofGmCaM}4in soybean enhances resistance to pathogens and tolerance to salt stress","Molecular Plant Pathology",NA
"Molecular Plant Pathology",2015,145,"Zach","10.1111/mpp.12167","","Article","https://doi.org/10.1111%2Fmpp.12167","aug","Wiley-Blackwell","16","2","137--149","Claudia Bartoli and Jay Ram Lamichhane and Odile Berge and Caroline Guilbaud and Leonardo Varvaro and Giorgio M. Balestra and Boris A. Vinatzer and Cindy E. Morris","A framework to gauge the epidemic potential of plant pathogens in environmental reservoirs: the example of kiwifruit canker","Molecular Plant Pathology",NA
"Molecular Plant Pathology",2016,6,"Nik","10.1111/mpp.12257","","Article","https://doi.org/10.1111%2Fmpp.12257","may","Wiley-Blackwell","17","1","3--15","Lourdes Fernández-Calvino and Irene Guzmán-Benito and Francisco J. {del Toro} and Livia Donaire and Ana B. Castro-Sanz and Virginia Ru\'\iz-Ferrer and César Llave","Activation of senescence-{associatedDark}-inducible({DIN}) genes during infection contributes to enhanced susceptibility to plant viruses","Molecular Plant Pathology",NA
"Molecular Plant Pathology",2016,94,"Nik","10.1111/mpp.12265","","Article","https://doi.org/10.1111%2Fmpp.12265","may","Wiley-Blackwell","17","1","84--95","Carl H. Mesarich and Ioannis Stergiopoulos and Henriek G. Beenen and Viviane Cordovez and Yanan Guo and Mansoor Karimi Jashni and Rosie E. Bradshaw and Pierre J. G. M. {de Wit}","A conserved proline residue in Dothideomycete Avr4 effector proteins is required to trigger a Cf-4-dependent hypersensitive response","Molecular Plant Pathology",NA
"Molecular Plant Pathology",2016,116,"Zach","10.1111/mpp.12267","","Article","https://doi.org/10.1111%2Fmpp.12267","may","Wiley-Blackwell","17","1","108--119","Haifeng Zhang and Bing Li and Qin Fang and Ying Li and Xiaobo Zheng and Zhengguang Zhang","{SNARE} protein {FgVam}7 controls growth, asexual and sexual development, and plant infection {inFusarium} graminearum","Molecular Plant Pathology",NA
"Molecular Plant Pathology",2016,121,"Zach","10.1111/mpp.12256","","Article","https://doi.org/10.1111%2Fmpp.12256","may","Wiley-Blackwell","17","1","120--126","Celia R. A. Duff-Farrier and Thierry Candresse and Andy M. Bailey and Neil Boonham and Gary D. Foster","Evidence for different, host-dependent functioning {ofRxagainst} both wild-type and {recombinantPepino} mosaic virus","Molecular Plant Pathology",NA
"Molecular Plant Pathology",2016,128,"Nik","10.1111/mpp.12318","","Article","https://doi.org/10.1111%2Fmpp.12318","nov","Wiley-Blackwell","17","1","127--139","Yufeng Fang and Brett M. Tyler","
		                    Efficient disruption and replacement of an effector gene in the oomycete
		                    P
		                    hytophthora sojae
		                    using {CRISPR}/Cas9
		                  ","Molecular Plant Pathology",NA
"Molecular Plant-Microbe Interactions",2012,66,"Adam","10.1094/mpmi-06-11-0154","","Article","https://doi.org/10.1094%2Fmpmi-06-11-0154","jan","Scientific Societies","25","1","61--68","V\'\ictor M. Rodr\'\iguez and Rogelio Santiago and Rosa Ana Malvar and Ana Butrón","Inducible Maize Defense Mechanisms Against the Corn Borer Sesamia nonagrioides: A Transcriptome and Biochemical Approach","Molecular Plant-Microbe Interactions",NA
"Molecular Plant-Microbe Interactions",2012,115,"Adam","10.1094/mpmi-07-11-0193","","Article","https://doi.org/10.1094%2Fmpmi-07-11-0193","jan","Scientific Societies","25","1","107--118","Daniel Gonzalez-Ibeas and Joaquin Cañizares and Miguel A. Aranda","Microarray Analysis Shows That Recessive Resistance to Watermelon mosaic virus in Melon Is Associated with the Induction of Defense Response Genes","Molecular Plant-Microbe Interactions",NA
"Molecular Plant-Microbe Interactions",2013,1,"Zach","10.1094/mpmi-05-12-0121-fi","Original random page number is review, next sequential article selected","Article","https://doi.org/10.1094%2Fmpmi-05-12-0121-fi","jan","Scientific Societies","26","1","31--35","Tom R. Maier and Tarek Hewezi and Jiqing Peng and Thomas J. Baum","Isolation of Whole Esophageal Gland Cells from Plant-Parasitic Nematodes for Transcriptome Analyses and Effector Identification","Molecular Plant-Microbe Interactions",NA
"Molecular Plant-Microbe Interactions",2013,18,"Emerson","10.1094/MPMI-05-12-0135-FI","Original random page number is review, next sequential article selected",NA,NA,NA,NA,NA,NA,NA,NA,NA,NA,NA
"Molecular Plant-Microbe Interactions",2014,56,"Adam","10.1094/mpmi-08-13-0225-r","","Article","https://doi.org/10.1094%2Fmpmi-08-13-0225-r","jan","Scientific Societies","27","1","56--65","Jin-Ho Baek and Jin-Ah Park and Jung-Mi Kim and Jung-Mi Oh and Seung-Moon Park and Dae-Hyuk Kim","Functional Analysis of a Tannic-Acid-Inducible and Hypoviral-Regulated Small Heat-Shock Protein Hsp24 from the Chestnut Blight Fungus Cryphonectria parasitica","Molecular Plant-Microbe Interactions",NA
"Molecular Plant-Microbe Interactions",2014,136,"Emerson","10.1094/mpmi-08-13-0242-r","","Article","https://doi.org/10.1094%2Fmpmi-08-13-0242-r","feb","Scientific Societies","27","2","136--149","Mar\'\ia Calvo and Tadeusz Malinowski and Juan Antonio Garc\'\ia","Single Amino Acid Changes in the 6K1-{CI} Region Can Promote the Alternative Adaptation of Prunus- and Nicotiana-Propagated Plum pox virus C Isolates to Either Host","Molecular Plant-Microbe Interactions",NA
"Molecular Plant-Microbe Interactions",2015,110,"Emerson","10.1094/mpmi-05-14-0144-ta","","Article","https://doi.org/10.1094%2Fmpmi-05-14-0144-ta","feb","Scientific Societies","28","2","107--121","Xiaoyan Gong and Oscar Hurtado and Baohua Wang and Congqing Wu and Mihwa Yi and Martha Giraldo and Barbara Valent and Michael Goodin and Mark Farman","{pFPL} Vectors for High-Throughput Protein Localization in Fungi: Detecting Cytoplasmic Accumulation of Putative Effector Proteins","Molecular Plant-Microbe Interactions",NA
"Molecular Plant-Microbe Interactions",2016,51,"Zach","10.1094/mpmi-03-15-0047-r","","Article","https://doi.org/10.1094%2Fmpmi-03-15-0047-r","jan","Scientific Societies","29","1","46--56","Qing Liu and Jianyuan Yang and Shaohong Zhang and Junliang Zhao and Aiqing Feng and Tifeng Yang and Xiaofei Wang and Xinxue Mao and Jingfang Dong and Xiaoyuan Zhu and Hei Leung and Jan E. Leach and Bin Liu","{OsGF}14b Positively Regulates Panicle Blast Resistance but Negatively Regulates Leaf Blast Resistance in Rice","Molecular Plant-Microbe Interactions",NA
"Molecular Plant-Microbe Interactions",2016,52,"Zach","10.1094/MPMI-07-15-0156-R","Original random page number included in previous article. Next sequential article selected",NA,NA,NA,NA,NA,NA,NA,NA,NA,NA,NA
"Molecular Plant-Microbe Interactions",2016,140,"Emerson","10.1094/mpmi-09-15-0211-r","","Article","https://doi.org/10.1094%2Fmpmi-09-15-0211-r","feb","Scientific Societies","29","2","132--142","Guixia Hao and Marco Pitino and Yongping Duan and Ed Stover","Reduced Susceptibility to Xanthomonas citri in Transgenic Citrus Expressing the {FLS}2 Receptor From Nicotiana benthamiana","Molecular Plant-Microbe Interactions",NA
"Nematology",2012,51,"Emerson","10.1163/138855411x578879","Original random page number not applicable, selected only plant parasitic nematode articles","Article","https://doi.org/10.1163%2F138855411x578879","jul","Brill Academic Publishers","14","1","85--92","Prasanna Holajjer and Anju Kamra and Hari S. Gaur and Dolly Wattal Dhar","$\less$I$\greater$In vitro$\less$/I$\greater$ nematicidal activity of a terrestrial cyanobacterium, $\less$I$\greater$Synechococcus nidulans$\less$/I$\greater$, towards plant-parasitic nematodes","Nematology",NA
"Nematology",2012,86,"Nik","10.1163/138855411x578374","Original random page number not applicable, selected only plant parasitic nematode articles","Article","https://doi.org/10.1163%2F138855411x578374","sep","Brill Academic Publishers","14","1","65--83","Phap Q. Trinh and Lieven Waeyenberge and Chau N. Nguyen and Maurice Moens","Morphological and molecular diversity of $\less$I$\greater$Radopholus$\less$/I$\greater$ on coffee in Vietnam and description of $\less$I$\greater$R. daklakensis$\less$/I$\greater$ sp. n. from Robusta coffee","Nematology",NA
"Nematology",2012,92,"Nik","10.1163/138855411x579418","Original random page number not applicable, selected only plant parasitic nematode articles","Article","https://doi.org/10.1163%2F138855411x579418","sep","Brill Academic Publishers","14","1","93--108","Ren-E Huang and Weimin Ye and Jun Liang and Quan Lu and Xing-Yao Zhang","$\less$I$\greater$Tylaphelenchus jiaae$\less$/I$\greater$ n. sp. and $\less$I$\greater$Aphelenchoides varicaudatus$\less$/I$\greater$ (Nematoda: Aphelenchoidinae) from Simao pine in Yunnan Province, China","Nematology",NA
"Nematology",2014,40,"Adam","10.1163/15685411-00002743","Original random page number not applicable, selected only plant parasitic nematode articles","Article","https://doi.org/10.1163%2F15685411-00002743","jan","Brill Academic Publishers","16","1","41--51","Margarida Pestana and Manuela Gouveia and Nereida Cordeiro and Luc\'\ilia Teixeira and Isabel {de O. Abrantes} and Mónica Rodrigues","In vitro evaluation of nematicidal properties of Solanum sisymbriifolium and S. nigrum extracts on Pratylenchus goodeyi","Nematology",NA
"Nematology",2014,56,"Adam","10.1163/15685411-00002746","Original random page number not applicable, selected only plant parasitic nematode articles","Article","https://doi.org/10.1163%2F15685411-00002746","jan","Brill Academic Publishers","16","1","73--81","Ma. Teodora Nadong Cabasan and Arvind Kumar and Stéphane Bellafiore and Dirk De Waele","Histopathology of the rice root-knot nematode, Meloidogyne graminicola, on Oryza sativa and O. glaberrima","Nematology",NA
"Nematology",2016,15,"Adam","10.1163/15685411-00002938","Original random page number not applicable, selected only plant parasitic nematode articles","Article","https://doi.org/10.1163%2F15685411-00002938","jan","Brill Academic Publishers","18","1","15--21","Fabio Biela and Simone {de Melo Santana-Gomes} and Isabela Hernandes and Andressa Cristina Zamboni Machado and Michelly Ragazzi Cardoso and Claudia Regina Dias-Arieira and Danielle Mattei","Host status and phenotypic diversity of rice genotypes in relation to Pratylenchus brachyurus resistance","Nematology",NA
"Nematology",2016,107,"Emerson","10.1163/15685411-00002950","Original random page number not applicable, selected only plant parasitic nematode articles","Article","https://doi.org/10.1163%2F15685411-00002950","mar","Brill Academic Publishers","18","2","147--154","Rumakanta Sapkota and Andrea M. Skantar and Mogens Nicolaisen","A {TaqMan} real-time {PCR} assay for detection of Meloidogyne~hapla in root galls and in soil","Nematology",NA
"Physiological and Molecular Plant Pathology",2012,11,"Nik","10.1016/j.pmpp.2011.11.001","","Article","https://doi.org/10.1016%2Fj.pmpp.2011.11.001","jan","Elsevier {BV}","77","1","10--16","Nadeem Yaqoob and Igor A. Yakovlev and Paal Krokene and Harald Kvaalen and Halvor Solheim and Carl Gunnar Fossdal","Defence-related gene expression in bark and sapwood of Norway spruce in response to Heterobasidion parviporum and methyl jasmonate","Physiological and Molecular Plant Pathology",NA
"Physiological and Molecular Plant Pathology",2012,127,"Zach","10.1016/j.pmpp.2012.02.001","","Article","https://doi.org/10.1016%2Fj.pmpp.2012.02.001","apr","Elsevier {BV}","78",NA,"66--72","Christopher M. Wallis and Jianchi Chen and Edwin L. Civerolo","Zebra chip-diseased potato tubers are characterized by increased levels of host phenolics, amino acids, and defense-related proteins","Physiological and Molecular Plant Pathology",NA
"Physiological and Molecular Plant Pathology",2012,144,"Emerson","10.1016/j.pmpp.2012.05.004","","Article","https://doi.org/10.1016%2Fj.pmpp.2012.05.004","jul","Elsevier {BV}","79",NA,"89--96","Emilie Steimetz and Sophie Trouvelot and Katia Gindro and Adeline Bordier and Beno\^\it Poinssot and Marielle Adrian and Xavier Daire","Influence of leaf age on induced resistance in grapevine against Plasmopara viticola","Physiological and Molecular Plant Pathology",NA
"Physiological and Molecular Plant Pathology",2013,7,"Nik","10.1016/j.pmpp.2014.04.003","","Article","https://doi.org/10.1016%2Fj.pmpp.2014.04.003","apr","Elsevier {BV}","86",NA,"73--80","S. Gayatridevi and S.K. Jayalakshmi and V.H. Mulimani and K. Sreeramulu","Constitutive and induced polyphenol oxidases of chickpea infected by Fusarium oxysporum f. sp. ciceri: Purification and their physiological significance","Physiological and Molecular Plant Pathology",NA
"Physiological and Molecular Plant Pathology",2013,98,"Nik","10.1016/j.pmpp.2014.07.003","","Article","https://doi.org/10.1016%2Fj.pmpp.2014.07.003","jul","Elsevier {BV}","87",NA,"76--85","Chinmay Biswas and Piyali Dey and P.G. Karmakar and Subrata Satpathy","Next-generation sequencing and micro {RNAs} analysis reveal {SA}/{MeJA}1/{ABA} pathway genes mediated systemic acquired resistance ({SAR}) and its master regulation via production of phased, trans-acting {siRNAs} against stem rot pathogen Macrophomina phaseolina in a {RIL} population of jute (Corchorus capsularis)","Physiological and Molecular Plant Pathology",NA
"Physiological and Molecular Plant Pathology",2014,80,"Emerson","10.1016/j.pmpp.2014.10.002","","Article","https://doi.org/10.1016%2Fj.pmpp.2014.10.002","oct","Elsevier {BV}","88",NA,"94--100","Ying-Juan Chen and Xing-Guang Deng and Xing-Ji Peng and Tong Zhu and De-Hui Xi and Hong-Hui Lin","Turnip crinkle virus with nonviral gene cancels the effect of silencing suppressors of P19 and 2b in Arabidopsis thaliana","Physiological and Molecular Plant Pathology",NA
"Physiological and Molecular Plant Pathology",2014,131,"Zach","10.1016/j.pmpp.2015.02.002","","Article","https://doi.org/10.1016%2Fj.pmpp.2015.02.002","apr","Elsevier {BV}","90",NA,"1--11","XiangYu Long and Margaret Balcerzak and Sigrun Gulden and Wenguang Cao and George Fedak and Yu-Ming Wei and You-Liang Zheng and Daryl Somers and Thérèse Ouellet","Expression profiling identifies differentially expressed genes associated with the fusarium head blight resistance {QTL} 2DL from the wheat variety Wuhan-1","Physiological and Molecular Plant Pathology",NA
"Physiological and Molecular Plant Pathology",2014,144,"Zach","10.1016/j.pmpp.2015.04.004","","Article","https://doi.org/10.1016%2Fj.pmpp.2015.04.004","apr","Elsevier {BV}","90",NA,"98--104","Meng Zhang and Hanhan Kang and Guangqiang Zhang and Yanhui Chen and Xiangzhu Kong and Qifang Guo and Wei Wang","Overexpression of {TaUb}2 enhances disease resistance to Pseudomonas syringae pv. tomato {DC}3000 in tobacco","Physiological and Molecular Plant Pathology",NA
"Physiological and Molecular Plant Pathology",2015,150,"Emerson","10.1016/j.pmpp.2015.05.001","","Article","https://doi.org/10.1016%2Fj.pmpp.2015.05.001","oct","Elsevier {BV}","92",NA,"148--153","Yan-Ling Zhang and Jian-Cai Mao and Jia-Feng Huang and Pei Meng and Feng Gao","A uracil-{DNA} glycosylase functions in spore development and~pathogenicity of Verticillium dahliae","Physiological and Molecular Plant Pathology",NA
"Physiological and Molecular Plant Pathology",2016,9,"Nik","10.1016/j.pmpp.2015.11.003","","Article","https://doi.org/10.1016%2Fj.pmpp.2015.11.003","jan","Elsevier {BV}","93",NA,"1--11","Ana Isabel Cueto-Ginzo and Luis Serrano and Richard M. Bostock and Juan Pedro Ferrio and Ricardo Rodr\'\iguez and Laura Arcal and Mar\'\ia Ángeles Achon and Tania Falcioni and Walter Patricio Luzuriaga and Vicente Medina","Salicylic acid mitigates physiological and proteomic changes induced by the {SPCP}1 strain of Potato virus X in tomato plants","Physiological and Molecular Plant Pathology",NA
"Physiological and Molecular Plant Pathology",2016,91,"Zach","10.1016/j.pmpp.2016.01.004","","Article","https://doi.org/10.1016%2Fj.pmpp.2016.01.004","jan","Elsevier {BV}","93",NA,"85--92","Zhiyuan Yin and Xiwang Ke and Zhensheng Kang and Lili Huang","Apple resistance responses against Valsa mali revealed by transcriptomics analyses","Physiological and Molecular Plant Pathology",NA
"Phytoparasitica",2012,118,"Nik","10.1007/s12600-011-0206-0","","Article","https://doi.org/10.1007%2Fs12600-011-0206-0","nov","Springer Nature","40","2","147--155","Giovanna Gilardi and Michele Baudino and Angelo Garibaldi and Maria Lodovica Gullino","Efficacy of biocontrol agents and natural compounds against powdery mildew of zucchini","Phytoparasitica",NA
"Phytoparasitica",2013,2,"Adam","10.1007/s12600-012-0256-y","","Article","https://doi.org/10.1007%2Fs12600-012-0256-y","aug","Springer Nature","41","1","9--15","Sunil Kumar and Ashvini Kumar Dubey and Ruma Karmakar and Kukkundoor Ramachandra Kini and Mathew Kuriyan Mathew and Harischandra Sripathy Prakash","Inhibition of virus infection by transient expression of short hairpin {RNA} targeting the methyltransferase domain of Tobacco mosaic virus replicase","Phytoparasitica",NA
"Phytoparasitica",2013,71,"Adam","10.1007/s12600-012-0264-y","","Article","https://doi.org/10.1007%2Fs12600-012-0264-y","sep","Springer Nature","41","1","59--72","Giovanna Gilardi and Stefano Demarchi and Angelo Garibaldi and Maria Lodovica Gullino","Management of downy mildew of sweet basil (Ocimum basilicum) caused by Peronospora belbahrii by means of resistance inducers, fungicides, biocontrol agents and natural products","Phytoparasitica",NA
"Phytoparasitica",2013,91,"Zach","10.1007/s12600-012-0271-z","","Article","https://doi.org/10.1007%2Fs12600-012-0271-z","oct","Springer Nature","41","2","133--142","Rosalba Troncoso-Rojas and Alberto Sánchez-Estrada and Tania Carvallo and Alberto González-León and Javier Ojeda-Contreras and Alfonso Aguilar-Valenzuela and Mart\'\in-Ernesto Tiznado-Hernández","A fungal elicitor enhances the resistance of tomato fruit to Fusarium oxysporum infection by activating the phenylpropanoid metabolic pathway","Phytoparasitica",NA
"Phytoparasitica",2013,100,"Zach","10.1007/s12600-012-0272-y","","Article","https://doi.org/10.1007%2Fs12600-012-0272-y","oct","Springer Nature","41","2","143--148","Edmundo Sousa and Pedro Naves and Margarida Vieira","Prevention of pine wilt disease induced by Bursaphelenchus xylophilus and Monochamus galloprovincialis by trunk injection of emamectin benzoate","Phytoparasitica",NA
"Phytoparasitica",2013,101,"Adam","10.1007/s12600-012-0275-8","","Article","https://doi.org/10.1007%2Fs12600-012-0275-8","nov","Springer Nature","41","2","159--168","Miray Arli-Sokmen and Mehmet Ali Sevik","Spread of Tomato spotted wilt virus from an internal virus source by thrips species in Samsun, Turkey","Phytoparasitica",NA
"Phytoparasitica",2014,24,"Zach","10.1007/s12600-013-0334-9","","Article","https://doi.org/10.1007%2Fs12600-013-0334-9","aug","Springer Nature","42","1","31--39","Tyler Harp and Paul Kuhn and Pamela D. Roberts and Kenneth L. Pernezny","Management and cross-infectivity potential of Colletotrichum acutatum causing anthracnose on bell pepper in Florida","Phytoparasitica",NA
"Phytoparasitica",2014,45,"Emerson","10.1007/s12600-013-0340-y","","Article","https://doi.org/10.1007%2Fs12600-013-0340-y","aug","Springer Nature","42","1","75--84","H. Handan Altinok and Canan Can and H. Filiz Boyaci and Volkan Topcu","Genetic variability among breeding lines and cultivars of eggplant against Fusarium oxysporum f. sp. melongenae from Turkey","Phytoparasitica",NA
"Phytoparasitica",2015,40,"Adam","10.1007/s12600-014-0418-1","","Article","https://doi.org/10.1007%2Fs12600-014-0418-1","jun","Springer Nature","43","1","81--85","Anurag Kumar Sahu and Chitra Nehra and R. K. Gaur","Molecular diversity of monopartite begomovirus coat protein and betasatellite associated with different crop species in India","Phytoparasitica",NA
"Phytoparasitica",2015,84,"Adam","10.1007/s12600-014-0423-4","","Article","https://doi.org/10.1007%2Fs12600-014-0423-4","jun","Springer Nature","43","1","87--96","Charfeddine Gharsallah and Amina Ben Halima and Hatem Fakhfakh and Faten Gorsane","Insights into the genetic diversity and the phylogenetic analysis of Tunisian isolates of Tomato chlorosis virus","Phytoparasitica",NA
"Phytoparasitica",2015,96,"Nik","10.1007/s12600-014-0428-z","","Article","https://doi.org/10.1007%2Fs12600-014-0428-z","jul","Springer Nature","43","1","37--49","Hema Ramdial and Sephra N. Rampersad","Characterization of Colletotrichum spp. causing anthracnose of bell pepper (Capsicum annuum L.) in Trinidad","Phytoparasitica",NA
"Phytoparasitica",2016,42,"Emerson","10.1007/s12600-015-0493-y","","Article","https://doi.org/10.1007%2Fs12600-015-0493-y","oct","Springer Nature","44","1","47--54","Rafaela Cristina {dos Santos} and Maria Fernanda Gomes Villalba Peñaflor and Patr\'\icia Alessandra Sanches and Cristiane Nardi and José Mauricio Simões Bento","The effects of Gibberella zeae, Barley Yellow Dwarf Virus, and co-infection on Rhopalosiphum padi olfactory preference and performance","Phytoparasitica",NA
"Phytoparasitica",2016,44,"Adam","10.1007/s12600-016-0504-7","","Article","https://doi.org/10.1007%2Fs12600-016-0504-7","jan","Springer Nature","44","1","35--45","Jorge Giovanny Lopez-Reyes and Giovanna Gilardi and Angelo Garibaldi and Maria Lodovica Gullino","In vivo evaluation of essential oils and biocontrol agents combined with heat treatments on basil cv Genovese Gigante seeds against Fusarium oxysporum f. sp. basilici","Phytoparasitica",NA
"Phytopathologia Mediterranea",2012,84,"Zach",NA,"",NA,NA,NA,NA,NA,NA,NA,NA,NA,NA,NA
"Phytopathologia Mediterranea",2013,29,"Zach",NA,"",NA,NA,NA,NA,NA,NA,NA,NA,NA,NA,NA
"Phytopathologia Mediterranea",2014,24,"Emerson",NA,"",NA,NA,NA,NA,NA,NA,NA,NA,NA,NA,NA
"Phytopathologia Mediterranea",2015,113,"Adam",NA,"",NA,NA,NA,NA,NA,NA,NA,NA,NA,NA,NA
"Phytopathologia Mediterranea",2015,121,"Nik",NA,"",NA,NA,NA,NA,NA,NA,NA,NA,NA,NA,NA
"Phytopathologia Mediterranea",2016,11,"Emerson",NA,"",NA,NA,NA,NA,NA,NA,NA,NA,NA,NA,NA
"Phytopathologia Mediterranea",2016,60,"Adam",NA,"",NA,NA,NA,NA,NA,NA,NA,NA,NA,NA,NA
"Phytopathology",2012,57,"Nik","10.1094/phyto-03-11-0085","","Article","https://doi.org/10.1094%2Fphyto-03-11-0085","jan","Scientific Societies","102","1","65--72","David M. Gadoury and Laura M. Wakefield and Lance Cadle-Davidson and Ian B. Dry and Robert C. Seem","Effects of Prior Vegetative Growth, Inoculum Density, Light, and Mating on Conidiation of Erysiphe necator","Phytopathology",NA
"Phytopathology",2012,71,"Nik","10.1094/phyto-02-11-0040","","Article","https://doi.org/10.1094%2Fphyto-02-11-0040","jan","Scientific Societies","102","1","94--104","Nilwala S. Abeysekara and Justin D. Faris and Shiaoman Chao and Phillip E. McClean and Timothy L. Friesen","Whole-Genome {QTL} Analysis of Stagonospora nodorum Blotch Resistance and Validation of the {SnTox}4{\textendash}Snn4 Interaction in Hexaploid Wheat","Phytopathology",NA
"Phytopathology",2012,89,"Adam","10.1094/phyto-04-11-0125","","Article","https://doi.org/10.1094%2Fphyto-04-11-0125","jan","Scientific Societies","102","1","55--64","A. B. Kriss and P. A. Paul and L. V. Madden","Variability in Fusarium Head Blight Epidemics in Relation to Global Climate Fluctuations as Represented by the El Ni{\~{n}}o-Southern Oscillation and Other Atmospheric Patterns","Phytopathology",NA
"Phytopathology",2012,97,"Adam","10.1094/phyto-03-11-0062","","Article","https://doi.org/10.1094%2Fphyto-03-11-0062","jan","Scientific Societies","102","1","83--93","David W. Ramming and Franka Gabler and Joseph L. Smilanick and Dennis A. Margosan and Molly Cadle-Davidson and Paola Barba and Siraprapa Mahanil and Omer Frenkel and Michael G. Milgroom and Lance Cadle-Davidson","Identification of Race-Specific Resistance in North American Vitis spp. Limiting Erysiphe necator Hyphal Growth","Phytopathology",NA
"Phytopathology",2014,19,"Adam","10.1094/phyto-05-13-0119-r","","Article","https://doi.org/10.1094%2Fphyto-05-13-0119-r","jan","Scientific Societies","104","1","15--26","Jennifer K. Parker and Sarah R. Wisotsky and Evan G. Johnson and Faraj M. Hijaz and Nabil Killiny and Mark E. Hilf and Leonardo De La Fuente","Viability of `Candidatus Liberibacter asiaticus' Prolonged by Addition of Citrus Juice to Culture Medium","Phytopathology",NA
"Phytopathology",2014,73,"Zach","10.1094/phyto-02-13-0032-r","","Article","https://doi.org/10.1094%2Fphyto-02-13-0032-r","jan","Scientific Societies","104","1","67--74","L. F. Osorio and J. A. Pattison and N. A. Peres and V. M. Whitaker","Genetic Variation and Gains in Resistance of Strawberry to Colletotrichum gloeosporioides","Phytopathology",NA
"Phytopathology",2015,12,"Zach","10.1094/phyto-02-14-0044-r","","Article","https://doi.org/10.1094%2Fphyto-02-14-0044-r","jan","Scientific Societies","105","1","9--17","G. Hughes and N. McRoberts and F. J. Burnett","Information Graphs for Binary Predictors","Phytopathology",NA
"Phytopathology",2015,30,"Adam","10.1094/phyto-04-14-0096-r","","Article","https://doi.org/10.1094%2Fphyto-04-14-0096-r","jan","Scientific Societies","105","1","26--34","Maria Bianney Bermúdez-Cardona and João Américo Wordell Filho and Fabr\'\icio Ávila Rodrigues","Leaf Gas Exchange and Chlorophyll a Fluorescence in Maize Leaves Infected with Stenocarpella macrospora","Phytopathology",NA
"Phytopathology",2015,43,"Adam","10.1094/phyto-06-13-0175-r","","Article","https://doi.org/10.1094%2Fphyto-06-13-0175-r","jan","Scientific Societies","105","1","69--79","Kennedy Boateng and Kathy J. Lewis","Spore Dispersal by Dothistroma septosporum in Northwest British Columbia","Phytopathology",NA
"Phytopathology",2015,75,"Adam","10.1094/phyto-06-14-0156-r","","Article","https://doi.org/10.1094%2Fphyto-06-14-0156-r","jan","Scientific Societies","105","1","35--44","W. F. Pfender and L. B. Coop and S. G. Seguin and M. E. Mellbye and G. A. Gingrich and T. B. Silberstein","Evaluation of the Ryegrass Stem Rust Model {STEMRUST}{\_}G and Its Implementation as a Decision Aid","Phytopathology",NA
"Phytopathology",2016,59,"Adam","10.1094/phyto-07-15-0166-r","","Article","https://doi.org/10.1094%2Fphyto-07-15-0166-r","jan","Scientific Societies","106","1","56--64","Ying Yu and Li Jiao and Shufang Fu and Ling Yin and Yali Zhang and Jiang Lu","Callose Synthase Family Genes Involved in the Grapevine Defense Response to Downy Mildew Disease","Phytopathology",NA
"Phytopathology",2016,62,"Emerson","10.1094/phyto-07-15-0172-r","","Article","https://doi.org/10.1094%2Fphyto-07-15-0172-r","jan","Scientific Societies","106","1","65--75","Sebastian Liebe and Mark Varrelmann","Effect of Environment and Sugar Beet Genotype on Root Rot Development and Pathogen Profile During Storage","Phytopathology",NA
"Phytopathology",2016,80,"Nik","10.1094/phyto-07-15-0171-r","","Article","https://doi.org/10.1094%2Fphyto-07-15-0171-r","jan","Scientific Societies","106","1","76--86","Sebastian Liebe and Daniela S. Christ and Ralf Ehricht and Mark Varrelmann","Development of a {DNA} Microarray-Based Assay for the Detection of Sugar Beet Root Rot Pathogens","Phytopathology",NA
"Plant Disease",2012,68,"Nik","10.1094/pdis-02-11-0119","","Article","https://doi.org/10.1094%2Fpdis-02-11-0119","jan","Scientific Societies","96","1","67--74","Anmin Wan and Xianming Chen","Virulence, Frequency, and Distribution of Races of Puccinia striiformis f. sp. tritici and P. striiformis f. sp. hordei Identified in the United States in 2008 and 2009","Plant Disease",NA
"Plant Disease",2013,64,"Emerson","10.1094/pdis-01-12-0092-re","","Article","https://doi.org/10.1094%2Fpdis-01-12-0092-re","jan","Scientific Societies","97","1","62--73","Suraj Gurung and Baidya N. Mahto and Sanjaya Gyawali and Tika B. Adhikari","Phenotypic and Molecular Diversity of Cochliobolus sativus Populations from Wheat","Plant Disease",NA
"Plant Disease",2013,110,"Nik","10.1094/pdis-12-11-1071-re","","Article","https://doi.org/10.1094%2Fpdis-12-11-1071-re","jan","Scientific Societies","97","1","107--112","M. D. Meyer and M. K. Hausbeck","Using Soil-Applied Fungicides to Manage Phytophthora Crown and Root Rot on Summer Squash","Plant Disease",NA
"Plant Disease",2013,124,"Nik","10.1094/pdis-07-12-0646-re","","Article","https://doi.org/10.1094%2Fpdis-07-12-0646-re","jan","Scientific Societies","97","1","123--130","Margaret Atim and Fen Beed and Geoffrey Tusiime and Leena Tripathi and Piet {van Asten}","High Potassium, Calcium, and Nitrogen Application Reduce Susceptibility to Banana Xanthomonas Wilt Caused by Xanthomonas campestris pv. musacearum","Plant Disease",NA
"Plant Disease",2014,60,"Zach","10.1094/pdis-05-13-0492-re","","Article","https://doi.org/10.1094%2Fpdis-05-13-0492-re","jan","Scientific Societies","98","1","55--61","A. O. Adesemoye and J. S. Mayorquin and D. H. Wang and M. Twizeyimana and S. C. Lynch and A. Eskalen","Identification of Species of Botryosphaeriaceae Causing Bot Gummosis in Citrus in California","Plant Disease",NA
"Plant Disease",2014,75,"Zach","10.1094/pdis-04-13-0449-re","","Article","https://doi.org/10.1094%2Fpdis-04-13-0449-re","jan","Scientific Societies","98","1","67--76","Byron Vega and Megan M. Dewdney","Distribution of {QoI} Resistance in Populations of Tangerine-Infecting Alternaria alternata in Florida","Plant Disease",NA
"Plant Disease",2015,25,"Nik","10.1094/pdis-04-14-0387-re","","Article","https://doi.org/10.1094%2Fpdis-04-14-0387-re","jan","Scientific Societies","99","1","65--70","J. H. Yang and P. M. Brannen and G. Schnabel","Resistance in Alternaria alternata to {SDHI} Fungicides Causes Rare Disease Outbreak in Peach Orchards","Plant Disease",NA
"Plant Disease",2015,69,"Nik","10.1094/pdis-01-14-0056-re","","Article","https://doi.org/10.1094%2Fpdis-01-14-0056-re","jan","Scientific Societies","99","1","106--111","Thomas C. Harrington and Qiong Huang and Maria A. Ferreira and Acelino C. Alfenas","Genetic Analyses Trace the Yunnan, China Population of Ceratocystis fimbriata on Pomegranate and Taro to Populations on Eucalyptus in Brazil","Plant Disease",NA
"Plant Disease",2015,111,"Adam","10.1094/pdis-02-14-0122-re","","Article","https://doi.org/10.1094%2Fpdis-02-14-0122-re","jan","Scientific Societies","99","1","21--30","Johannes Petrus Louw and Lise Korsten","Pathogenicity and Host Susceptibility of Penicillium spp. on Citrus","Plant Disease",NA
"Plant Disease",2016,76,"Zach","10.1094/pdis-11-14-1142-re","","Article","https://doi.org/10.1094%2Fpdis-11-14-1142-re","jan","Scientific Societies","100","1","99--107","Gangming Zhan and Fuping Wang and Cuiping Wan and Qingmei Han and Lili Huang and Zhensheng Kang and Xianming Chen","Virulence and Molecular Diversity of the Puccinia striiformis f. sp. tritici Population in Xinjiang in Relation to Other Regions of Western China","Plant Disease",NA
"Plant Disease",2016,106,"Zach","10.1094/pdis-02-15-0193-re","","Article","https://doi.org/10.1094%2Fpdis-02-15-0193-re","jan","Scientific Societies","100","1","72--78","Belachew Asalf and David M. Gadoury and Anne Marte Tronsmo and Robert C. Seem and Arne Stensvand","Effects of Development of Ontogenic Resistance in Strawberry Leaves Upon Pre- and Postgermination Growth and Sporulation of Podosphaera aphanis","Plant Disease",NA
"Plant Health Progress",2012,127,"Zach","10.1094/php-2012-1120-01-rs","",NA,NA,NA,NA,NA,NA,NA,NA,NA,NA,NA
"Plant Health Progress",2012,144,"Nik","10.1094/php-2012-1126-01-rs","","Article","https://doi.org/10.1094%2Fphp-2012-1126-01-rs",NA,"Scientific Societies",NA,NA,NA,"W. W. Turechek","Spatial Distribution of Crown Gall in a Commercial Nursery of Weeping Fig","Plant Health Progress",NA
"Plant Health Progress",2013,7,"Adam","10.1094/php-2013-0922-01-rs","","Article","https://doi.org/10.1094%2Fphp-2013-0922-01-rs",NA,"Scientific Societies",NA,NA,NA,"M. Powell and J. Cowan and C. Miles and D. A. Inglis","Effect of a High-Tunnel, Organic Cropping System on Lettuce Diseases in Western Washington","Plant Health Progress",NA
"Plant Health Progress",2013,16,"Zach","10.1094/php-2013-0823-01-rs","","Article","https://doi.org/10.1094%2Fphp-2013-0823-01-rs",NA,"Scientific Societies",NA,NA,NA,"Morris R. Bonde and Cristi L. Palmer and Douglas G. Luster and Susan E. Nester and Jason M. Revell and Dana K. Berner","Sporulation Capacity and Longevity of Puccinia horiana Teliospores in Infected Chrysanthemum Leaves","Plant Health Progress",NA
"Plant Health Progress",2013,75,"Emerson","10.1094/php-2013-0529-01-rs","","Article","https://doi.org/10.1094%2Fphp-2013-0529-01-rs",NA,"Scientific Societies",NA,NA,NA,"Leonor F. S. Leandro and Alison E. Robertson and Daren S. Mueller and Xiao-Bing Yang","Climatic and Environmental Trends Observed During Epidemic and Non-epidemic Years of Soybean Sudden Death Syndrome in Iowa","Plant Health Progress",NA
"Plant Health Progress",2014,63,"Nik","10.1094/php-rs-14-0014","","Article","https://doi.org/10.1094%2Fphp-rs-14-0014",NA,"Scientific Societies",NA,NA,NA,"Periasamy Chitrampalam and Berlin D. Nelson Jr.","Effect of Fusarium tricinctum on Growth of Soybean and a Molecular-based Method of Identification","Plant Health Progress",NA
"Plant Health Progress",2016,38,"Adam","10.1094/php-rs-15-0050","","Article","https://doi.org/10.1094%2Fphp-rs-15-0050",NA,"Scientific Societies",NA,NA,NA,"William W. Bockus and Erick D. De Wolf and Timothy C. Todd","Management Strategies for Barley Yellow Dwarf on Winter Wheat in Kansas","Plant Health Progress",NA
"Plant Pathology",2012,37,"Nik","10.1111/j.1365-3059.2011.02491.x","","Article","https://doi.org/10.1111%2Fj.1365-3059.2011.02491.x","jun","Wiley-Blackwell","61","1","37--47","D. H. Gent and J. L. Farnsworth and D. A. Johnson","Spatial analysis and incidence-density relationships for downy mildew on hop","Plant Pathology",NA
"Plant Pathology",2012,104,"Emerson","10.1111/j.1365-3059.2011.02498.x","","Article","https://doi.org/10.1111%2Fj.1365-3059.2011.02498.x","jul","Wiley-Blackwell","61","1","96--105","S. E. Legler and T. Caffi and V. Rossi","A nonlinear model for temperature-dependent development of Erysiphe necator chasmothecia on grapevine leaves","Plant Pathology",NA
"Plant Pathology",2013,20,"Emerson","10.1111/j.1365-3059.2012.02615.x","","Article","https://doi.org/10.1111%2Fj.1365-3059.2012.02615.x","apr","Wiley-Blackwell","62","1","79--91","F. Obanor and S. Neate and S. Simpfendorfer and R. Sabburg and P. Wilson and S. Chakraborty","Fusarium {graminearumandFusarium} pseudograminearumcaused the 2010 head blight epidemics in Australia","Plant Pathology",NA
"Plant Pathology",2013,25,"Emerson","10.1111/j.1365-3059.2012.02621.x","","Article","https://doi.org/10.1111%2Fj.1365-3059.2012.02621.x","apr","Wiley-Blackwell","62","1","9--20","L. U. Wingen and M. W. Shaw and J. K. M. Brown","Long-distance dispersal and its influence on adaptation to host resistance in a heterogeneous landscape","Plant Pathology",NA
"Plant Pathology",2013,90,"Adam","10.1111/j.1365-3059.2012.02631.x","","Article","https://doi.org/10.1111%2Fj.1365-3059.2012.02631.x","may","Wiley-Blackwell","62","1","130--138","M. V. Jaspers and A. M. Seyb and M. C. T. Trought and R. Balasubramaniam","Overwintering grapevine debris as an important source {ofBotrytis} cinereainoculum","Plant Pathology",NA
"Plant Pathology",2013,130,"Adam","10.1111/j.1365-3059.2012.02626.x","","Article","https://doi.org/10.1111%2Fj.1365-3059.2012.02626.x","may","Wiley-Blackwell","62","1","21--31","J. A. Kolmer and A. Hanzalova and H. Goyeau and R. Bayles and A. Morgounov","Genetic differentiation of the wheat leaf rust {fungusPuccinia} triticinain Europe","Plant Pathology",NA
"Plant Pathology",2014,79,"Nik","10.1111/ppa.12064","","Article","https://doi.org/10.1111%2Fppa.12064","apr","Wiley-Blackwell","63","1","109--116","X. Pan and Y. Li and H. Zhang and R. Huang and W. Liu and J. Ming and S. Liu and X. Li","Expression of signalling and defence-related genes mediated by over-expression {ofJERF}1, and increased resistance to sheath blight in rice","Plant Pathology",NA
"Plant Pathology",2014,109,"Emerson","10.1111/ppa.12062","","Article","https://doi.org/10.1111%2Fppa.12062","apr","Wiley-Blackwell","63","1","117--128","L. Lebreton and S. Daval and A.-Y. Guillerm-Erckelboudt and C. Gracianne and K. Gazengel and A. Sarniguet","Sensitivity to {pH} and ability to modify ambient {pH} of the take-all {fungusGaeumannomyces} graminisvar.tritici","Plant Pathology",NA
"Plant Pathology",2014,111,"Nik","10.1111/ppa.12072","","Article","https://doi.org/10.1111%2Fppa.12072","may","Wiley-Blackwell","63","1","78--87","G. Romay and H. Lecoq and F. Geraud-Pouey and D. T. Chirinos and C. Desbiez","Current status of cucurbit viruses in Venezuela and characterization of Venezuelan isolates {ofZucchini} yellow mosaic virus","Plant Pathology",NA
"Plant Pathology",2014,126,"Adam","10.1111/ppa.12085","","Article","https://doi.org/10.1111%2Fppa.12085","jun","Wiley-Blackwell","63","1","129--139","V. Troch and K. Audenaert and A. Vanheule and B. Bekaert and M. Höfte and G. Haesaert","The importance of non-penetrated papillae formation in the resistance response of triticale to powdery mildew (Blumeria graminis)","Plant Pathology",NA
"Plant Pathology",2014,137,"Adam","10.1111/ppa.12084","","Article","https://doi.org/10.1111%2Fppa.12084","jun","Wiley-Blackwell","63","1","140--147","M. T. Mas and A. M. C. Ver ú","Within-population variation in resistance {ofDigitaria} {sanguinalistoUstilago} syntherismaeresulting from different modes of seed germination and environment","Plant Pathology",NA
"Plant Pathology",2015,98,"Zach","10.1111/ppa.12230","","Article","https://doi.org/10.1111%2Fppa.12230","may","Wiley-Blackwell","64","1","109--118","C. Almquist and A.-C. Wallenhammar","Monitoring of plant and airborne inoculum {ofSclerotinia} sclerotiorumin spring oilseed rape using real-time {PCR}","Plant Pathology",NA
"Plant Pathology",2015,110,"Emerson","10.1111/ppa.12227","","Article","https://doi.org/10.1111%2Fppa.12227","may","Wiley-Blackwell","64","1","91--100","K. Schneebeli and U. Mathesius and M. Watt","Brachypodium distachyonis a pathosystem model for the study of the wheat disease rhizoctonia root rot","Plant Pathology",NA
"Plant Pathology",2016,67,"Nik","10.1111/ppa.12400","","Article","https://doi.org/10.1111%2Fppa.12400","may","Wiley-Blackwell","65","1","64--78","M. Mbenoun and M. J. Wingfield and A. D. Begoude Boyogueno and F. Nsouga Amougou and S. Petchayo Tigang and G. M. {ten Hoopen} and C. V. Mfegue and L. Dibog and S. Nyas é and B. D. Wingfield and J. Roux","Diversity and pathogenicity of the Ceratocystidaceae associated with cacao agroforests in Cameroon","Plant Pathology",NA
"Revista Mexicana de Fitopatolog�a",2012,18,"Zach",NA,"",NA,NA,NA,NA,NA,NA,NA,NA,NA,NA,NA
"Revista Mexicana de Fitopatolog�a",2012,114,"Adam",NA,"",NA,NA,NA,NA,NA,NA,NA,NA,NA,NA,NA
"Revista Mexicana de Fitopatolog�a",2012,145,"Adam",NA,"",NA,NA,NA,NA,NA,NA,NA,NA,NA,NA,NA
"Revista Mexicana de Fitopatolog�a",2013,66,"Adam",NA,"",NA,NA,NA,NA,NA,NA,NA,NA,NA,NA,NA
"Revista Mexicana de Fitopatolog�a",2013,135,"Nik",NA,"",NA,NA,NA,NA,NA,NA,NA,NA,NA,NA,NA
"Revista Mexicana de Fitopatolog�a",2014,25,"Adam",NA,"",NA,NA,NA,NA,NA,NA,NA,NA,NA,NA,NA
"Revista Mexicana de Fitopatolog�a",2014,56,"Zach",NA,"",NA,NA,NA,NA,NA,NA,NA,NA,NA,NA,NA
"Revista Mexicana de Fitopatolog�a",2014,98,"Emerson",NA,"",NA,NA,NA,NA,NA,NA,NA,NA,NA,NA,NA
"Tropical Plant Pathology",2012,132,"Zach","10.1007/s40858-015-0058-0","No publication in 2012. Selected first article in Dec. 2015","Article","https://doi.org/10.1007%2Fs40858-015-0058-0","nov","Springer Nature","40","6","355--361","John Lilly Jimmy and Subramanian Babu","Role of {OsWRKY} transcription factors in rice disease resistance","Tropical Plant Pathology",NA
"Tropical Plant Pathology",2014,27,"Zach","10.1007/s40858-015-0052-6","No publication in 2014. Selected second article in Dec. 2015","Article","https://doi.org/10.1007%2Fs40858-015-0052-6","oct","Springer Nature","40","6","362--367","Álvaro M. R. Almeida and Bernhard Hau and Lilian Amorim and Armando Bergamin Filho and Joaquim C. Mariano","Tillage system effect on the epidemic of soybean brown spot","Tropical Plant Pathology",NA
"Tropical Plant Pathology",2014,100,"Nik","10.1007/s40858-015-0013-0","","Article","https://doi.org/10.1007%2Fs40858-015-0013-0","apr","Springer Nature","40","2","102--110","Andressa C. Z. Machado and Kércya M. S. Siqueira and Luiz Carlos C. B. Ferraz and Mário M. Inomoto and Rosana Bessi and Ricardo Harakava and Cláudio M. G. Oliveira","Characterization of Brazilian populations of Pratylenchus brachyurus using morphological and molecular analyses","Tropical Plant Pathology",NA
"Tropical Plant Pathology",2014,100,"Nik","10.1007/s40858-015-0013-0","","Article","https://doi.org/10.1007%2Fs40858-015-0013-0","apr","Springer Nature","40","2","102--110","Andressa C. Z. Machado and Kércya M. S. Siqueira and Luiz Carlos C. B. Ferraz and Mário M. Inomoto and Rosana Bessi and Ricardo Harakava and Cláudio M. G. Oliveira","Characterization of Brazilian populations of Pratylenchus brachyurus using morphological and molecular analyses","Tropical Plant Pathology",NA
"Tropical Plant Pathology",2015,104,"Nik","10.1007/s40858-015-0013-0","","Article","https://doi.org/10.1007%2Fs40858-015-0013-0","apr","Springer Nature","40","2","102--110","Andressa C. Z. Machado and Kércya M. S. Siqueira and Luiz Carlos C. B. Ferraz and Mário M. Inomoto and Rosana Bessi and Ricardo Harakava and Cláudio M. G. Oliveira","Characterization of Brazilian populations of Pratylenchus brachyurus using morphological and molecular analyses","Tropical Plant Pathology",NA
"Tropical Plant Pathology",2015,104,"Nik","10.1007/s40858-015-0013-0","","Article","https://doi.org/10.1007%2Fs40858-015-0013-0","apr","Springer Nature","40","2","102--110","Andressa C. Z. Machado and Kércya M. S. Siqueira and Luiz Carlos C. B. Ferraz and Mário M. Inomoto and Rosana Bessi and Ricardo Harakava and Cláudio M. G. Oliveira","Characterization of Brazilian populations of Pratylenchus brachyurus using morphological and molecular analyses","Tropical Plant Pathology",NA
"Tropical Plant Pathology",2015,125,"Adam","10.1007/s40858-015-0015-y","","Article","https://doi.org/10.1007%2Fs40858-015-0015-y","apr","Springer Nature","40","2","119--126","Jin-Xin Gao and Tong Liu and Jie Chen and Ya-Qian Li","Identification of proteins associated with the production of methyl 5-(hydroxymethyl) furan-2-carboxylate toxin in Curvularia lunata","Tropical Plant Pathology",NA
"Tropical Plant Pathology",2016,47,"Emerson","10.1007/s40858-015-0056-2","","Article","https://doi.org/10.1007%2Fs40858-015-0056-2","oct","Springer Nature","41","1","42--47","Natália R. Fonseca and Leonardo S. S. Oliveira and Lúcio M. S. Guimarães and Ramon U. Teixeira and Carlos A. Lopes and Acelino C. Alfenas","An efficient inoculation method of Ralstonia solanacearum to test wilt resistance in Eucalyptus spp.","Tropical Plant Pathology",NA
